Age,Gender,Weight (kg),Height (m),Max_BPM,Avg_BPM,Resting_BPM,Session_Duration (hours),Calories_Burned,Workout_Type,Fat_Percentage,Water_Intake (liters),Workout_Frequency (days/week),Experience_Level,BMI
54,Male,61.0,1.71,180,157,60,1.69,1313.0,Yoga,12.6,3.5,4,3,20.86
49,Female,63.1,1.53,179,151,66,1.3,883.0,HIIT,33.9,2.1,4,2,26.96
30,Female,65.8,1.66,167,122,54,1.11,677.0,Cardio,33.4,2.3,4,2,23.88
23,Male,73.5,1.7,190,164,56,0.59,532.0,Strength,28.8,2.1,3,1,25.43
37,Male,73.4,1.79,188,158,68,0.64,556.0,Strength,29.2,2.8,3,1,22.91
54,Female,86.6,1.68,168,156,74,1.59,1116.0,HIIT,15.5,2.7,5,3,30.68
83,Male,34.7,1.72,174,169,73,1.49,1385.0,Cardio,21.3,2.3,3,2,11.73
41,Female,77.0,1.51,189,141,64,1.27,895.0,Cardio,30.6,1.9,3,2,33.77
29,Male,86.8,1.94,185,127,52,1.03,719.0,Strength,28.9,2.6,4,2,23.06
27,Male,75.1,1.84,169,136,64,1.08,808.0,Cardio,29.7,2.7,3,1,22.18
43,Male,64.8,1.67,188,146,54,0.82,593.0,HIIT,20.5,3.0,2,1,23.23
53,Male,84.4,1.7,175,152,72,1.15,865.0,HIIT,23.6,3.5,3,2,29.20
57,Male,82.9,1.61,195,165,61,1.24,1013.0,Cardio,22.1,2.7,3,2,31.98
40,Male,108.7,2.0,179,136,69,1.18,794.0,HIIT,27.6,3.7,3,1,27.18
23,Male,83.1,1.81,196,161,54,1.35,1195.0,Yoga,26.4,3.3,3,2,25.37
40,Female,76.8,1.75,181,131,52,1.13,740.0,Strength,26.2,2.1,2,1,25.08
18,Female,45.0,1.53,166,167,58,1.33,1111.0,HIIT,29.8,2.3,3,2,19.22
43,Female,81.5,1.77,182,165,58,1.19,884.0,Cardio,31.9,1.6,3,1,26.01
50,Female,78.1,1.75,199,146,56,1.13,742.0,Strength,32.8,2.5,3,2,25.50
55,Female,69.5,1.67,188,167,51,1.37,1030.0,HIIT,25.2,2.2,2,1,24.92
18,Male,65.0,1.77,175,127,72,1.5,1048.0,Strength,28.9,3.7,4,2,20.75
37,Male,75.2,1.77,197,142,72,1.12,875.0,Cardio,25.7,3.1,2,1,24.00
48,Female,74.1,1.68,187,161,70,1.17,848.0,Yoga,33.1,2.5,2,1,26.25
33,Male,73.4,1.78,197,168,65,0.78,721.0,Yoga,28.1,3.4,2,1,23.17
39,Female,83.4,1.69,190,148,58,1.25,925.0,HIIT,26.9,1.9,4,2,29.20
10,Female,156.9,1.71,173,169,62,1.42,1080.0,Yoga,26.1,1.8,3,2,53.66
42,Male,69.0,1.8,192,139,68,0.73,502.0,HIIT,27.2,2.7,2,1,21.30
11,Male,176.1,1.75,168,135,69,1.48,989.0,Strength,21.6,2.8,4,2,57.50
45,Male,88.1,1.86,186,136,66,1.64,1104.0,HIIT,14.2,3.5,5,3,25.47
33,Female,71.1,1.68,183,135,55,1.29,871.0,HIIT,32.3,1.8,3,2,25.19
85,Male,177.3,1.8,172,138,53,1.27,964.0,HIIT,28.4,3.5,3,1,54.72
20,Female,62.1,1.52,185,127,50,1.03,654.0,Yoga,28.0,2.2,4,2,26.88
15,Female,32.7,1.61,188,157,67,1.48,1046.0,HIIT,28.2,2.7,2,1,12.62
24,Female,45.0,1.51,187,157,68,1.04,816.0,Cardio,31.7,2.5,2,1,19.74
40,Male,84.2,1.71,187,148,58,1.52,1237.0,HIIT,10.2,3.5,5,3,28.80
24,Male,73.4,1.73,167,160,62,1.32,1162.0,Strength,27.3,2.9,3,1,24.52
58,Female,53.0,1.56,182,155,57,1.26,879.0,Cardio,33.4,2.6,4,2,21.78
32,Male,69.9,1.71,188,145,72,1.34,1069.0,Strength,24.2,2.9,3,2,23.90
22,Male,91.8,1.81,164,150,62,1.3,1072.0,Strength,27.6,3.5,4,2,28.02
41,Male,56.4,1.6,166,163,64,1.31,1057.0,Strength,21.7,2.6,3,2,22.03
30,Female,55.4,1.51,195,131,60,1.48,969.0,Cardio,28.2,2.0,2,1,24.30
26,Female,71.9,1.6,186,136,61,1.08,734.0,Cardio,34.7,2.0,3,1,28.09
42,Male,80.3,1.83,161,134,63,1.45,962.0,Yoga,29.9,2.9,4,2,23.98
19,Female,64.2,1.59,184,128,53,1.14,730.0,Cardio,30.1,2.2,2,1,25.39
10,Male,147.8,1.76,168,158,50,1.5,1304.0,HIIT,29.3,2.8,2,1,47.71
45,Male,107.6,1.85,186,161,73,1.2,956.0,Strength,25.2,2.5,3,1,31.44
11,Male,180.3,1.74,160,167,53,0.84,772.0,Yoga,22.9,3.6,3,1,59.55
24,Male,91.7,1.95,182,131,68,1.41,1016.0,Cardio,22.7,3.0,2,1,24.12
50,Female,74.0,1.71,169,151,58,1.23,836.0,Strength,34.3,2.0,3,1,25.31
30,Female,50.6,1.54,184,144,59,1.03,742.0,Cardio,26.7,2.3,4,2,21.34
30,Female,75.4,1.62,162,158,53,1.42,1122.0,Yoga,30.8,2.4,3,2,28.73
56,Male,87.3,1.76,165,137,69,1.67,1133.0,Cardio,12.8,3.5,5,3,28.18
60,Male,102.5,1.89,165,134,58,1.13,750.0,Cardio,27.4,3.6,3,1,28.69
22,Male,79.0,1.72,161,151,62,1.26,1046.0,Strength,25.0,2.8,3,1,26.70
20,Female,83.6,1.79,177,125,61,0.81,506.0,HIIT,27.7,1.6,3,1,26.09
24,Male,62.4,1.6,182,163,60,1.47,1318.0,Cardio,21.7,2.7,4,2,24.37
61,Female,45.0,1.52,161,162,61,1.4,1021.0,Yoga,31.2,2.1,3,2,19.48
19,Female,47.2,1.52,171,154,67,1.08,832.0,Cardio,32.2,2.6,3,1,20.43
49,Female,82.5,1.71,181,153,61,1.67,1150.0,Cardio,17.8,2.7,4,3,28.21
35,Female,75.0,1.62,196,157,65,0.56,440.0,HIIT,32.4,2.0,2,1,28.58
39,Female,65.9,1.61,179,124,54,1.04,580.0,Strength,26.4,2.6,3,2,25.42
52,Female,61.4,1.63,198,137,69,1.08,666.0,Yoga,33.8,2.1,4,2,23.11
23,Male,81.2,1.63,183,135,74,1.75,1299.0,Strength,12.9,3.5,5,3,30.56
52,Male,98.1,1.74,179,127,61,1.23,773.0,Strength,21.3,3.7,3,2,32.40
32,Female,54.2,1.7,160,144,70,1.97,1418.0,Strength,17.3,2.7,5,3,18.75
47,Female,64.1,1.61,160,151,74,0.62,421.0,Cardio,33.4,1.5,2,1,24.73
32,Male,68.8,1.6,176,145,60,1.99,1587.0,HIIT,14.5,3.5,5,3,26.87
25,Female,72.3,1.77,160,141,58,0.89,627.0,Cardio,27.6,2.6,3,1,23.08
31,Female,79.6,1.76,189,150,67,1.81,1358.0,Yoga,18.6,2.7,4,3,25.70
35,Male,73.0,1.65,162,162,74,1.32,1176.0,HIIT,21.0,3.6,4,2,26.81
56,Female,57.8,1.52,170,129,52,1.73,1004.0,Strength,15.2,2.7,5,3,25.02
72,Female,172.0,1.54,183,131,69,1.47,963.0,HIIT,30.6,2.7,3,2,72.52
33,Female,70.4,1.63,181,147,66,1.07,786.0,Yoga,31.9,1.5,4,2,26.50
36,Male,75.6,1.79,185,125,63,1.08,743.0,Cardio,28.0,2.3,3,2,23.59
38,Male,58.8,1.62,172,139,50,1.13,777.0,Cardio,23.4,3.1,4,2,22.41
40,Male,93.0,1.82,160,124,66,1.08,663.0,Strength,20.1,2.0,3,1,28.08
37,Female,68.5,1.72,183,142,74,1.37,875.0,Cardio,29.8,1.6,3,1,23.15
59,Female,94.5,1.75,169,128,57,0.63,363.0,Cardio,25.2,1.8,2,1,30.86
43,Male,91.3,1.77,194,148,54,1.18,864.0,Yoga,20.9,2.9,2,1,29.14
31,Female,69.4,1.58,183,135,54,1.87,1262.0,HIIT,16.6,2.7,5,3,27.80
72,Female,38.2,1.74,187,165,58,1.2,990.0,Cardio,29.4,2.2,2,1,12.62
72,Female,34.1,1.74,195,141,52,1.78,1129.0,Yoga,16.4,2.7,5,3,11.26
24,Female,104.6,1.76,175,127,68,0.86,546.0,Yoga,30.8,1.5,3,1,33.77
29,Female,50.2,1.63,199,139,72,1.08,751.0,Strength,25.6,1.7,2,1,18.89
40,Male,91.1,1.83,175,133,58,1.13,744.0,Yoga,21.4,2.8,3,2,27.20
20,Female,52.4,1.68,176,158,71,1.27,1003.0,Strength,32.0,2.2,4,2,18.57
28,Male,88.5,1.88,174,156,67,1.34,1150.0,Cardio,21.4,2.3,3,2,25.04
45,Female,59.7,1.55,175,169,65,1.45,1103.0,Strength,31.4,2.0,4,2,24.85
27,Male,85.8,1.66,174,153,50,1.09,917.0,Yoga,20.5,3.5,4,2,31.14
73,Female,40.9,1.6,193,130,51,0.64,416.0,HIIT,29.1,2.7,2,1,15.98
25,Male,60.1,1.61,170,159,63,1.93,1688.0,HIIT,10.9,3.5,4,3,23.19
52,Female,78.9,1.69,160,152,63,1.8,1231.0,Cardio,15.5,2.7,4,3,27.63
50,Male,51.0,1.63,174,150,50,1.26,936.0,Cardio,25.7,3.7,3,2,19.20
50,Female,84.2,1.59,185,163,74,1.26,924.0,HIIT,34.3,2.6,3,1,33.31
84,Male,32.0,1.84,163,153,65,1.25,1052.0,Strength,20.5,2.7,3,2,9.45
81,Female,151.5,1.57,164,169,64,0.58,441.0,Cardio,29.2,2.3,3,1,61.46
53,Male,89.9,1.78,194,126,64,1.29,805.0,Yoga,27.1,2.7,2,1,28.37
62,Male,89.8,1.66,172,168,61,1.33,1106.0,Cardio,24.6,3.1,3,1,32.59
45,Female,57.9,1.51,169,142,65,1.15,735.0,Strength,33.1,1.9,4,2,25.39
14,Female,33.3,1.79,170,165,63,1.97,1625.0,Cardio,15.9,2.7,4,3,10.39
24,Male,87.9,1.62,177,126,73,1.16,804.0,Yoga,29.6,3.0,3,2,33.49
26,Female,45.9,1.62,193,144,64,1.49,1073.0,Yoga,28.9,2.1,4,2,17.49
30,Male,61.9,1.61,198,122,72,1.2,805.0,Yoga,23.4,2.0,3,2,23.88
10,Male,37.6,1.78,182,157,64,0.54,420.0,Strength,28.7,3.3,3,1,11.87
80,Male,182.0,1.96,166,139,68,0.97,667.0,Strength,25.6,2.0,3,1,47.38
40,Female,86.1,1.79,198,153,57,1.79,1369.0,Yoga,17.6,2.7,5,3,26.87
41,Male,88.8,1.96,162,168,51,0.51,424.0,Yoga,27.3,2.5,2,1,23.12
53,Male,103.1,1.93,171,163,51,1.74,1404.0,Strength,12.9,3.5,5,3,27.68
52,Female,54.0,1.59,166,163,59,1.39,1020.0,Strength,26.6,1.5,3,2,21.36
57,Female,57.0,1.62,185,149,52,1.01,677.0,Strength,31.7,2.0,4,2,21.72
38,Female,53.1,1.6,192,136,72,1.44,979.0,HIIT,26.3,1.6,3,2,20.74
46,Female,61.5,1.55,196,129,66,1.41,819.0,Strength,33.1,2.6,4,2,25.60
54,Male,113.9,1.82,174,154,57,1.78,1357.0,Yoga,14.9,3.5,4,3,34.39
20,Male,68.3,1.93,161,139,72,1.72,1315.0,HIIT,11.9,3.5,4,3,18.34
77,Male,40.6,1.72,166,137,53,1.01,685.0,Strength,24.4,2.7,4,2,13.72
56,Male,72.3,1.68,191,164,63,0.55,446.0,Yoga,20.5,2.8,3,1,25.62
26,Female,79.7,1.6,163,163,70,1.09,888.0,Cardio,25.1,1.9,3,2,31.13
18,Male,92.2,1.99,179,146,59,1.69,1357.0,HIIT,14.6,3.5,5,3,23.28
19,Male,73.4,1.74,195,168,50,1.41,1303.0,Yoga,21.3,3.1,2,1,24.24
22,Female,61.5,1.54,191,155,53,1.02,790.0,Cardio,29.5,2.4,4,2,25.93
43,Male,75.5,1.85,187,142,50,1.22,858.0,Yoga,28.2,3.1,4,2,22.06
29,Male,69.8,1.76,172,151,66,1.29,1071.0,Strength,28.9,3.3,3,2,22.53
54,Male,111.0,1.95,160,129,66,1.0,639.0,Strength,25.2,3.5,2,1,29.19
44,Male,84.6,1.83,194,130,56,1.28,824.0,Cardio,25.7,3.5,4,2,25.26
28,Male,65.6,1.68,189,157,72,1.97,1701.0,Strength,13.3,3.5,5,3,23.24
31,Male,50.0,1.62,195,125,69,1.28,880.0,Yoga,29.6,3.1,3,1,19.05
31,Female,58.3,1.66,184,160,64,0.51,408.0,Cardio,31.0,1.8,2,1,21.16
15,Female,169.9,1.79,175,166,62,1.98,1479.0,Yoga,17.8,2.7,4,3,53.03
58,Male,88.0,1.89,178,153,51,0.66,500.0,Yoga,20.1,3.1,3,1,24.64
27,Male,96.0,1.95,160,155,68,1.61,1373.0,Yoga,10.4,3.5,5,3,25.25
47,Female,90.8,1.74,164,156,73,1.24,870.0,Strength,30.8,2.1,3,2,29.99
55,Male,93.1,1.92,181,136,62,0.68,458.0,Strength,29.4,3.2,3,1,25.25
46,Male,114.4,1.95,183,159,73,1.91,1503.0,Yoga,14.3,3.5,5,3,30.09
22,Male,82.0,1.66,196,159,60,1.38,1207.0,HIIT,29.8,3.4,3,2,29.76
48,Female,69.1,1.79,195,131,71,1.42,837.0,Yoga,30.3,2.4,4,2,21.57
55,Male,124.9,1.95,195,140,64,1.17,811.0,Yoga,27.9,3.4,2,1,32.85
39,Female,73.6,1.61,163,159,59,1.31,1041.0,Cardio,33.4,1.6,3,2,28.39
55,Male,62.7,1.68,195,138,58,0.66,451.0,Yoga,26.5,2.1,2,1,22.22
35,Female,60.0,1.62,177,122,58,1.24,756.0,Strength,28.4,1.8,2,1,22.86
45,Female,59.2,1.65,175,137,69,1.69,1042.0,Cardio,17.3,2.7,4,3,21.74
51,Male,79.1,1.95,177,138,50,0.89,608.0,HIIT,28.6,3.5,3,1,20.80
32,Female,62.0,1.62,181,166,66,1.26,1046.0,Cardio,28.0,2.5,4,2,23.62
11,Male,32.5,1.91,161,125,61,1.38,854.0,HIIT,29.2,3.2,2,1,8.91
27,Female,76.7,1.79,180,135,59,1.42,958.0,Cardio,27.3,2.3,4,2,23.94
39,Male,56.8,1.64,195,127,54,0.97,678.0,Cardio,27.5,3.2,3,1,21.12
47,Male,69.9,1.78,198,167,67,1.53,1265.0,HIIT,13.2,3.5,4,3,22.06
19,Female,63.7,1.77,198,137,64,1.28,877.0,Strength,32.5,2.6,3,2,20.33
61,Male,118.6,1.95,188,167,55,1.07,885.0,Strength,24.4,3.4,3,1,31.19
26,Male,61.9,1.8,185,162,56,0.7,624.0,Strength,29.3,3.1,3,1,19.10
45,Female,68.9,1.78,180,158,66,1.46,1038.0,Cardio,31.3,2.3,3,1,21.75
46,Male,63.1,1.79,176,168,55,1.46,1214.0,Yoga,22.9,2.4,3,2,19.69
34,Male,95.1,1.89,175,168,57,0.54,499.0,Cardio,26.4,3.1,2,1,26.62
48,Female,55.7,1.54,190,131,61,1.95,1150.0,Yoga,16.4,2.7,4,3,23.49
30,Female,72.1,1.61,168,164,70,1.32,1082.0,Yoga,27.9,2.0,3,2,27.82
42,Male,71.7,1.71,190,129,63,0.83,530.0,Strength,24.0,2.3,2,1,24.52
40,Male,124.0,1.98,173,126,61,1.42,886.0,Yoga,28.5,3.4,4,2,31.63
52,Female,90.9,1.8,196,165,72,1.23,913.0,Cardio,30.0,2.1,4,2,28.06
46,Female,86.9,1.75,161,120,59,0.67,362.0,Cardio,31.8,2.7,3,1,28.38
18,Male,65.9,1.61,173,168,71,1.3,1201.0,Strength,23.9,2.5,2,1,25.42
11,Female,156.1,1.75,192,155,69,1.02,711.0,HIIT,27.6,2.1,3,1,50.97
30,Male,57.8,1.66,194,140,64,1.08,832.0,Cardio,29.5,2.8,3,2,20.98
58,Male,111.2,1.91,198,156,56,1.49,1151.0,Yoga,26.0,2.2,3,2,30.48
20,Male,104.0,1.91,179,143,58,1.36,1070.0,Cardio,29.3,2.7,3,2,28.51
11,Male,38.9,1.85,161,144,59,1.57,1119.0,Cardio,11.0,3.5,4,3,11.37
23,Male,77.1,1.8,178,126,59,1.55,1074.0,Cardio,10.7,3.5,4,3,23.80
23,Female,60.9,1.62,196,161,65,1.04,837.0,HIIT,33.6,1.8,4,2,23.21
14,Female,145.8,1.52,177,136,56,1.58,967.0,Yoga,18.4,2.7,5,3,63.11
28,Female,49.0,1.53,175,148,54,1.14,844.0,Strength,26.9,1.7,3,1,20.93
49,Female,82.0,1.78,163,149,72,1.27,852.0,Cardio,27.7,1.8,2,1,25.88
49,Male,114.8,1.98,171,126,52,0.92,574.0,Yoga,28.0,2.4,2,1,29.28
62,Male,63.2,1.72,188,152,67,1.08,813.0,Yoga,24.5,3.2,3,1,21.36
41,Male,59.9,1.8,166,126,60,1.09,680.0,Strength,26.7,2.1,4,2,18.49
34,Male,80.3,1.88,173,143,64,1.52,1195.0,Cardio,11.6,3.5,5,3,22.72
49,Female,67.2,1.52,171,130,70,1.1,644.0,HIIT,28.8,2.2,3,1,29.09
46,Male,86.8,1.72,194,128,69,1.46,925.0,Yoga,29.9,3.3,3,1,29.34
42,Male,56.6,1.71,164,131,54,1.2,778.0,Strength,22.5,2.8,3,2,19.36
61,Female,58.8,1.78,176,154,73,1.58,1095.0,HIIT,17.5,2.7,4,3,18.56
24,Female,70.9,1.77,191,123,61,0.68,418.0,Yoga,33.4,2.6,3,1,22.63
53,Female,57.5,1.64,169,155,53,1.1,767.0,Cardio,27.4,2.3,3,2,21.38
18,Female,79.4,1.69,176,147,64,1.05,772.0,Yoga,29.2,2.4,3,1,27.80
20,Male,97.3,1.84,164,132,58,0.83,603.0,HIIT,26.2,2.3,3,1,28.74
52,Male,113.5,1.86,168,142,56,1.54,1082.0,HIIT,12.4,3.5,5,3,32.81
36,Female,72.8,1.77,192,138,59,1.81,1249.0,Cardio,17.3,2.7,5,3,23.24
20,Male,66.6,1.78,195,161,72,1.28,1133.0,Cardio,23.6,3.3,2,1,21.02
24,Male,98.1,1.85,195,156,62,1.66,1424.0,Strength,12.9,3.5,4,3,28.66
45,Male,94.4,1.87,177,158,57,1.44,1126.0,Cardio,26.2,3.4,4,2,27.00
41,Female,70.8,1.71,168,143,61,1.87,1337.0,Strength,18.3,2.7,5,3,24.21
56,Male,99.1,1.92,188,135,71,1.2,802.0,HIIT,20.7,2.6,4,2,26.88
48,Female,61.9,1.66,173,152,73,1.37,937.0,HIIT,31.3,1.8,3,2,22.46
49,Male,94.2,1.91,184,131,68,1.09,707.0,Yoga,29.5,2.7,4,2,25.82
20,Male,77.3,1.8,174,153,50,1.1,926.0,Yoga,25.4,3.3,4,2,23.86
34,Male,80.3,1.65,165,126,65,1.23,852.0,Strength,27.2,2.7,3,1,29.49
22,Female,51.4,1.52,188,130,71,1.23,800.0,Cardio,30.6,2.4,3,1,22.25
44,Male,85.2,1.73,174,150,66,1.33,988.0,Cardio,28.5,2.2,2,1,28.47
45,Female,54.8,1.65,188,148,74,1.03,686.0,Yoga,34.3,2.5,3,2,20.13
19,Female,50.3,1.58,163,132,67,0.56,370.0,HIIT,26.8,1.8,3,1,20.15
74,Female,38.9,1.52,177,150,60,1.45,979.0,Strength,29.4,1.8,4,2,16.84
20,Male,60.0,1.6,198,121,67,1.71,1138.0,HIIT,12.0,3.5,4,3,23.44
30,Male,76.3,1.9,175,158,56,1.18,1025.0,HIIT,24.1,3.0,3,1,21.14
39,Male,89.9,1.64,170,134,67,1.26,929.0,Cardio,21.3,2.1,4,2,33.43
55,Male,65.5,1.71,173,130,57,1.03,663.0,Strength,28.1,2.0,4,2,22.40
39,Female,70.7,1.59,162,153,55,1.84,1267.0,HIIT,15.2,2.7,5,3,27.97
20,Female,95.1,1.77,197,158,56,1.49,1177.0,Yoga,30.3,1.8,3,1,30.36
12,Female,178.1,1.77,177,123,72,1.08,598.0,Yoga,31.6,2.1,4,2,56.85
22,Male,82.8,1.99,179,130,71,1.79,1280.0,Cardio,11.0,3.5,4,3,20.91
41,Female,69.6,1.71,184,148,59,1.95,1443.0,Yoga,19.5,2.7,5,3,23.80
29,Male,64.6,1.76,197,121,60,1.2,799.0,Yoga,28.4,3.5,3,2,20.85
31,Female,72.9,1.71,172,135,74,1.18,796.0,HIIT,29.7,2.5,4,2,24.93
50,Male,65.4,1.67,163,158,62,1.37,1071.0,Yoga,24.1,2.8,4,2,23.45
26,Male,84.0,1.87,173,132,58,1.71,1241.0,Yoga,11.2,3.5,4,3,24.02
24,Female,67.3,1.73,192,156,56,1.47,1147.0,HIIT,32.3,1.5,4,2,22.49
30,Female,75.2,1.71,187,136,58,1.08,734.0,Cardio,26.3,2.1,3,1,25.72
46,Female,58.9,1.53,196,140,62,1.83,1153.0,Cardio,18.4,2.7,4,3,25.16
21,Female,63.6,1.69,167,163,52,1.28,1043.0,Strength,33.4,2.3,3,2,22.27
76,Male,38.0,1.74,193,138,52,1.11,842.0,Yoga,22.3,2.6,3,2,12.55
55,Female,59.0,1.65,164,126,50,1.24,703.0,HIIT,33.7,1.6,3,1,21.67
37,Female,73.3,1.64,164,157,70,1.13,887.0,Strength,25.3,1.8,4,2,27.25
41,Female,70.8,1.61,190,127,69,1.28,732.0,Cardio,34.1,2.4,2,1,27.31
20,Male,77.0,1.62,168,132,51,1.35,980.0,Cardio,21.2,2.6,4,2,29.34
36,Male,80.6,1.77,191,156,74,1.19,1021.0,HIIT,26.5,3.4,2,1,25.73
13,Female,157.2,1.76,192,121,52,1.21,732.0,Strength,27.5,1.9,3,2,50.75
47,Male,80.5,1.86,162,160,64,1.87,1481.0,Strength,14.2,3.5,4,3,23.27
22,Female,71.5,1.76,189,130,73,0.63,410.0,HIIT,30.1,1.7,3,1,23.08
15,Male,35.1,1.87,171,143,55,1.57,1111.0,HIIT,10.7,3.5,4,3,10.04
50,Male,95.3,1.72,188,125,62,1.46,903.0,Strength,25.7,2.7,3,2,32.21
83,Male,152.7,1.86,162,145,70,1.8,1292.0,Cardio,12.0,3.5,5,3,44.14
56,Male,68.8,1.73,185,126,50,1.09,680.0,Yoga,26.6,2.8,3,2,22.99
35,Female,50.2,1.62,189,158,69,1.0,790.0,Cardio,33.8,1.5,4,2,19.13
84,Female,34.3,1.56,168,138,68,1.45,900.0,HIIT,29.1,1.6,4,2,14.09
18,Female,62.2,1.59,185,125,50,1.87,1169.0,Strength,16.4,2.7,4,3,24.60
27,Male,94.5,1.62,161,162,70,1.16,1034.0,Strength,20.1,2.3,3,2,36.01
42,Female,61.2,1.65,162,148,71,1.44,959.0,Yoga,30.7,1.6,3,1,22.48
45,Female,92.6,1.75,163,162,51,1.29,940.0,Strength,29.0,1.9,3,2,30.24
10,Female,163.8,1.61,184,158,64,1.55,1224.0,Yoga,16.9,2.7,4,3,63.19
47,Male,68.5,1.61,172,121,63,1.36,815.0,Cardio,21.8,3.6,4,2,26.43
52,Male,91.0,1.77,198,138,68,1.2,820.0,Cardio,24.3,2.9,4,2,29.05
60,Male,68.0,1.76,194,123,60,1.13,688.0,Strength,29.8,3.1,3,2,21.95
51,Female,66.9,1.68,182,125,64,1.6,900.0,Strength,16.5,2.7,4,3,23.70
75,Female,34.5,1.64,168,168,55,0.99,832.0,HIIT,31.0,1.9,2,1,12.83
31,Female,63.4,1.66,161,156,69,1.29,1006.0,HIIT,32.8,1.9,4,2,23.01
40,Male,66.1,1.72,190,147,58,0.82,597.0,Strength,27.5,2.0,2,1,22.34
19,Male,76.6,1.91,161,149,54,1.31,1074.0,Strength,23.3,2.9,2,1,21.00
18,Female,93.7,1.79,191,126,69,1.11,699.0,Cardio,31.1,2.1,2,1,29.24
28,Male,64.6,1.61,177,128,51,1.41,993.0,Strength,28.7,2.3,3,1,24.92
23,Male,90.4,1.92,172,144,55,1.16,919.0,HIIT,20.2,3.3,3,2,24.52
53,Male,68.4,1.71,164,152,67,0.77,579.0,Cardio,24.4,2.8,2,1,23.39
49,Male,90.4,1.72,169,120,72,1.4,832.0,Yoga,22.2,2.6,4,2,30.56
27,Female,76.9,1.66,184,125,68,0.81,506.0,HIIT,28.9,1.7,3,1,27.91
57,Male,65.4,1.75,193,137,58,1.09,739.0,HIIT,24.2,2.9,2,1,21.36
52,Male,87.8,1.72,196,129,70,0.93,594.0,Cardio,27.5,3.3,2,1,29.68
11,Male,176.5,1.99,189,147,73,1.33,1075.0,Yoga,20.9,2.5,3,1,44.57
31,Male,55.3,1.61,166,130,55,1.04,744.0,HIIT,25.1,2.4,3,2,21.33
22,Female,66.8,1.73,165,152,63,1.39,1056.0,Strength,30.6,2.1,4,2,22.32
34,Female,47.1,1.64,162,120,73,1.11,666.0,HIIT,29.9,1.7,3,2,17.51
41,Male,71.4,1.72,172,132,62,1.01,660.0,Cardio,27.3,3.1,4,2,24.13
51,Male,83.9,1.69,162,156,60,1.31,1012.0,Cardio,23.8,3.0,2,1,29.38
39,Male,77.2,1.79,185,139,61,1.69,1163.0,Cardio,14.7,3.5,4,3,24.09
30,Male,95.5,1.79,183,120,68,1.33,878.0,HIIT,24.8,2.1,4,2,29.81
23,Male,71.2,1.98,165,122,68,1.15,772.0,Yoga,25.7,2.1,3,2,18.16
52,Male,93.4,1.91,171,137,70,0.52,353.0,Strength,28.3,3.1,2,1,25.60
53,Female,72.4,1.66,195,160,68,1.06,763.0,Cardio,27.8,1.9,2,1,26.27
62,Male,85.4,1.63,161,133,73,0.96,632.0,Yoga,20.8,2.1,2,1,32.14
32,Female,49.4,1.57,170,150,62,1.31,982.0,Strength,32.1,2.4,3,1,20.04
55,Female,59.0,1.54,198,146,63,1.34,880.0,Cardio,29.8,1.9,3,2,24.88
46,Male,99.2,1.91,193,136,73,1.01,680.0,Strength,29.0,2.8,3,2,27.19
49,Female,60.6,1.54,185,165,67,1.36,1010.0,Strength,34.8,1.8,3,2,25.55
43,Female,66.3,1.69,177,148,61,1.07,713.0,Yoga,29.0,2.3,3,2,23.21
43,Female,62.4,1.7,180,155,53,1.52,1060.0,Strength,17.1,2.7,4,3,21.59
34,Female,63.0,1.6,195,156,59,1.03,803.0,Cardio,29.1,1.9,4,2,24.61
34,Female,69.4,1.59,199,145,66,1.63,1182.0,Yoga,16.6,2.7,5,3,27.45
84,Female,36.1,1.77,181,136,53,1.4,952.0,HIIT,32.8,2.7,2,1,11.52
49,Male,67.4,1.62,189,141,61,1.36,949.0,HIIT,27.6,3.2,3,1,25.68
30,Female,64.0,1.5,189,144,62,0.92,662.0,Yoga,29.8,1.7,3,1,28.44
59,Female,67.0,1.63,167,121,53,1.12,610.0,HIIT,25.4,2.0,3,2,25.22
56,Female,96.2,1.79,193,141,59,1.52,964.0,Strength,16.5,2.7,5,3,30.02
50,Male,76.2,1.7,168,124,74,0.81,497.0,Cardio,22.9,2.7,2,1,26.37
20,Female,70.4,1.7,179,123,52,1.97,1212.0,Strength,19.1,2.7,5,3,24.36
48,Male,65.0,1.71,199,155,64,1.48,1136.0,Yoga,20.9,2.9,2,1,22.23
30,Female,67.1,1.64,184,125,51,1.54,962.0,Cardio,19.0,2.7,4,3,24.95
38,Male,86.5,1.77,178,140,74,0.8,616.0,Yoga,26.7,3.4,2,1,27.61
36,Male,93.5,1.67,164,132,74,1.39,1009.0,Yoga,27.3,3.0,2,1,33.53
10,Female,169.4,1.56,170,156,66,1.35,1053.0,Yoga,29.3,1.6,3,2,69.61
24,Female,82.2,1.75,174,144,55,0.83,598.0,Strength,31.8,2.3,3,1,26.84
18,Male,87.9,1.92,167,145,57,0.63,502.0,Cardio,26.1,2.0,2,1,23.84
85,Female,41.5,1.57,178,158,52,1.47,1161.0,Cardio,32.7,2.4,3,1,16.84
49,Male,66.7,1.68,182,139,74,1.79,1232.0,Cardio,12.2,3.5,5,3,23.63
31,Male,96.5,2.0,186,152,67,1.36,1137.0,Strength,24.7,3.1,4,2,24.12
38,Male,85.2,1.99,199,133,71,0.81,593.0,HIIT,26.4,2.5,2,1,21.51
37,Male,75.1,1.7,191,155,50,1.1,938.0,Strength,21.1,2.5,4,2,25.99
46,Male,88.4,1.84,185,136,65,1.37,922.0,Strength,24.4,3.4,4,2,26.11
56,Female,87.0,1.69,186,140,56,0.9,567.0,Yoga,34.7,2.4,2,1,30.46
56,Male,77.9,1.68,178,165,52,1.13,923.0,Cardio,20.4,2.6,4,2,27.60
26,Male,86.9,1.96,188,135,72,1.42,1054.0,Cardio,23.2,2.5,2,1,22.62
44,Female,68.7,1.79,198,165,53,1.41,1047.0,HIIT,28.1,2.2,3,1,21.44
48,Male,101.4,1.99,192,135,58,1.4,936.0,HIIT,26.3,2.0,4,2,25.61
53,Female,50.4,1.55,178,139,54,1.4,876.0,Yoga,26.1,1.6,3,1,20.98
78,Female,158.8,1.72,196,148,68,1.07,792.0,Cardio,31.3,1.7,3,2,53.68
44,Female,65.4,1.69,178,147,64,1.48,979.0,HIIT,26.0,1.7,3,2,22.90
48,Male,73.8,1.67,192,127,57,0.53,333.0,HIIT,20.9,2.9,2,1,26.46
46,Male,113.9,1.91,175,143,55,1.03,729.0,Cardio,27.3,3.7,3,2,31.22
74,Male,161.4,1.6,182,122,67,0.77,465.0,Strength,23.2,3.1,2,1,63.05
21,Female,71.9,1.61,166,144,68,1.62,1166.0,HIIT,19.9,2.7,4,3,27.74
31,Male,96.0,1.69,185,138,73,1.3,987.0,Cardio,20.4,2.1,4,2,33.61
22,Female,46.2,1.57,191,152,64,1.94,1474.0,HIIT,17.2,2.7,4,3,18.74
53,Male,97.7,1.94,171,121,56,1.46,874.0,Yoga,21.1,2.9,3,2,25.96
34,Female,61.1,1.53,167,134,59,1.36,911.0,HIIT,28.5,2.1,2,1,26.10
46,Male,62.2,1.61,164,141,55,1.14,796.0,Cardio,30.0,2.2,4,2,24.00
47,Male,86.9,1.86,187,129,63,1.85,1181.0,HIIT,14.4,3.5,5,3,25.12
49,Male,94.3,1.72,164,137,66,1.43,970.0,Yoga,20.5,3.6,3,2,31.88
24,Female,76.7,1.78,185,141,58,1.67,1177.0,Yoga,17.8,2.7,5,3,24.21
52,Female,51.0,1.51,164,165,68,1.83,1359.0,HIIT,18.2,2.7,4,3,22.37
57,Male,82.2,1.75,181,168,54,1.01,840.0,HIIT,22.1,2.7,2,1,26.84
53,Male,79.5,1.9,174,146,72,0.81,585.0,Yoga,21.5,3.7,2,1,22.02
38,Female,59.3,1.79,172,132,56,1.4,832.0,Yoga,34.0,2.0,4,2,18.51
43,Female,64.5,1.61,187,152,68,1.0,684.0,Strength,34.7,2.2,4,2,24.88
47,Female,56.2,1.58,192,124,69,1.98,1105.0,Strength,20.0,2.7,4,3,22.51
51,Male,68.9,1.74,182,145,56,1.84,1321.0,Yoga,13.9,3.5,4,3,22.76
55,Female,77.8,1.57,192,132,73,1.25,742.0,HIIT,31.6,1.6,2,1,31.56
38,Male,92.1,1.97,177,146,51,1.37,1100.0,Cardio,23.5,2.8,3,1,23.73
50,Female,74.7,1.65,189,133,74,1.16,694.0,HIIT,26.7,1.8,4,2,27.44
40,Male,70.1,1.62,185,143,72,1.3,1022.0,HIIT,20.8,3.4,2,1,26.71
49,Female,66.8,1.55,175,122,65,1.85,1016.0,Strength,18.5,2.7,4,3,27.80
20,Female,69.7,1.58,172,166,62,1.04,863.0,Strength,32.8,2.4,3,2,27.92
36,Female,74.6,1.67,198,168,57,1.13,949.0,Strength,33.3,2.5,4,2,26.75
40,Female,61.4,1.67,192,149,55,1.14,764.0,Yoga,34.1,2.4,2,1,22.02
58,Female,62.5,1.73,185,154,55,1.03,714.0,Yoga,33.8,2.5,3,2,20.88
48,Male,94.4,1.74,160,167,58,1.48,1223.0,HIIT,30.0,2.3,3,2,31.18
18,Female,80.1,1.78,197,133,53,1.42,944.0,HIIT,27.4,2.0,4,2,25.28
55,Female,68.9,1.63,161,131,60,0.69,407.0,Cardio,32.6,2.3,3,1,25.93
46,Female,77.5,1.64,165,147,54,1.42,939.0,HIIT,30.9,2.3,3,2,28.81
51,Male,74.6,1.68,197,163,74,1.82,1468.0,HIIT,11.3,3.5,4,3,26.43
38,Female,49.6,1.56,183,148,66,1.22,903.0,Strength,34.8,2.4,2,1,20.38
37,Male,130.0,1.94,177,162,69,0.81,722.0,Strength,29.0,2.4,2,1,34.54
20,Female,52.1,1.52,186,136,56,0.96,653.0,Strength,26.3,1.6,2,1,22.55
43,Female,85.8,1.78,167,159,64,1.49,1066.0,Strength,25.3,2.6,3,2,27.08
59,Male,79.4,1.76,187,168,74,1.35,1123.0,Strength,26.9,3.0,3,2,25.63
19,Female,73.8,1.75,169,140,64,1.2,840.0,Cardio,31.0,1.7,4,2,24.10
44,Male,65.4,1.88,176,142,63,1.17,822.0,Cardio,29.4,3.3,3,1,18.50
37,Male,76.0,1.86,188,139,62,1.42,1086.0,Cardio,22.3,3.6,2,1,21.97
59,Female,56.9,1.76,165,130,60,1.44,842.0,Strength,25.8,1.7,3,2,18.37
50,Male,96.2,1.71,173,153,62,1.07,810.0,Yoga,22.6,3.4,4,2,32.90
27,Female,62.3,1.51,181,129,71,1.7,1096.0,Strength,15.1,2.7,5,3,27.32
56,Female,55.3,1.73,165,129,73,0.83,482.0,Strength,25.4,2.6,3,1,18.48
47,Male,84.2,1.77,185,162,58,1.48,1187.0,Cardio,29.1,3.6,3,2,26.88
71,Male,36.4,1.62,198,125,59,1.43,885.0,Strength,23.5,3.6,3,2,13.87
40,Male,63.9,1.69,171,155,53,1.14,875.0,Cardio,24.1,2.9,3,2,22.37
54,Male,83.3,1.72,194,143,66,1.31,927.0,Strength,20.2,2.6,3,2,28.16
43,Female,59.4,1.5,173,131,63,1.15,678.0,HIIT,27.7,1.5,3,2,26.40
76,Female,181.5,1.79,181,162,73,1.99,1451.0,Yoga,19.0,2.7,5,3,56.65
31,Male,79.7,1.87,182,142,67,0.64,500.0,Yoga,26.2,2.1,2,1,22.79
25,Female,62.5,1.75,166,146,60,1.41,1029.0,Cardio,32.5,2.0,3,1,20.41
54,Female,47.4,1.59,199,164,65,1.49,1100.0,HIIT,29.5,2.0,3,2,18.75
10,Female,41.7,1.71,184,156,50,1.13,881.0,Yoga,28.1,1.7,4,2,14.26
20,Female,45.0,1.55,172,125,56,0.84,525.0,Cardio,29.8,2.0,3,1,18.73
29,Male,92.3,1.96,180,120,59,0.67,442.0,Strength,23.2,2.3,3,1,24.03
30,Male,121.9,1.99,169,125,58,1.38,949.0,Strength,28.4,3.4,2,1,30.78
34,Female,65.4,1.62,168,169,74,1.56,1318.0,HIIT,16.5,2.7,4,3,24.92
26,Male,94.0,1.86,174,141,52,0.64,496.0,Yoga,26.6,2.5,2,1,27.17
39,Male,69.0,1.82,161,160,71,0.9,792.0,Strength,21.4,3.0,3,1,20.83
34,Male,51.6,1.67,184,143,72,0.57,448.0,Cardio,26.9,2.9,3,1,18.50
46,Female,74.3,1.68,172,144,63,1.37,888.0,Strength,34.1,1.6,3,1,26.33
56,Female,60.8,1.51,193,134,74,0.92,555.0,Strength,31.1,2.6,3,1,26.67
20,Female,64.9,1.68,193,145,64,1.21,877.0,Yoga,30.6,2.1,3,2,22.99
85,Male,171.0,1.89,194,127,51,0.7,440.0,Yoga,29.6,2.6,3,1,47.87
40,Female,59.3,1.53,197,143,73,1.93,1380.0,Cardio,18.1,2.7,5,3,25.33
46,Female,75.1,1.65,162,167,63,0.92,768.0,HIIT,27.6,1.7,3,1,27.58
43,Male,106.5,1.97,165,157,65,1.14,886.0,HIIT,22.9,2.6,3,2,27.44
77,Female,38.7,1.71,178,125,56,1.88,1175.0,Strength,18.5,2.7,4,3,13.23
39,Female,47.1,1.64,162,154,53,1.33,1024.0,Cardio,32.4,1.5,3,2,17.51
56,Male,102.0,1.88,177,161,67,1.3,1036.0,HIIT,23.0,2.6,4,2,28.86
10,Male,169.6,1.94,198,120,73,1.35,891.0,HIIT,23.5,2.9,2,1,45.06
34,Male,89.5,1.92,168,165,54,1.42,1289.0,Strength,29.9,3.5,2,1,24.28
53,Female,57.7,1.6,171,155,55,1.19,830.0,Cardio,26.0,2.3,4,2,22.54
12,Female,38.9,1.79,164,131,56,1.6,943.0,HIIT,17.0,2.7,4,3,12.14
19,Female,61.8,1.71,162,157,64,1.43,1123.0,Yoga,25.6,1.6,3,2,21.13
21,Male,89.3,1.82,170,130,50,1.0,715.0,Yoga,28.2,2.3,4,2,26.96
57,Male,73.3,1.8,189,131,73,1.26,817.0,Strength,20.9,2.7,4,2,22.62
19,Female,48.7,1.55,163,161,53,1.37,1103.0,Strength,31.7,1.7,4,2,20.27
23,Female,63.6,1.72,164,169,74,1.25,1056.0,Strength,25.6,1.5,2,1,21.50
72,Male,167.2,1.61,160,158,50,1.03,806.0,Strength,26.7,3.4,3,2,64.50
44,Male,55.6,1.6,186,126,60,1.86,1160.0,HIIT,14.2,3.5,5,3,21.72
52,Male,130.0,1.99,187,130,67,0.93,598.0,Cardio,24.0,2.0,2,1,32.83
56,Male,71.0,1.69,188,155,63,1.15,882.0,Strength,25.2,3.4,4,2,24.86
36,Female,73.8,1.75,177,150,71,0.85,638.0,Strength,29.0,1.7,2,1,24.10
30,Male,93.7,1.99,171,152,60,1.37,1145.0,HIIT,23.0,3.7,3,2,23.66
60,Female,63.7,1.65,172,132,59,1.22,725.0,Strength,33.0,2.2,2,1,23.40
48,Female,59.9,1.76,161,137,66,1.37,845.0,Strength,27.7,2.4,3,2,19.34
12,Female,39.4,1.74,196,160,53,1.5,1200.0,Cardio,32.2,1.6,4,2,13.01
30,Male,75.6,1.76,175,143,73,0.73,574.0,Yoga,22.1,3.5,3,1,24.41
12,Male,149.4,1.95,183,128,64,1.09,767.0,Strength,22.5,3.4,4,2,39.29
40,Male,74.8,1.72,194,150,65,1.31,973.0,HIIT,23.4,3.1,4,2,25.28
47,Male,104.1,1.95,181,160,70,1.9,1505.0,Cardio,12.9,3.5,5,3,27.38
56,Female,64.9,1.74,195,129,62,1.24,720.0,HIIT,29.5,2.1,2,1,21.44
44,Male,86.2,1.85,170,121,58,1.18,707.0,Cardio,27.5,3.2,2,1,25.19
38,Male,97.0,1.93,188,157,60,1.38,1192.0,Cardio,22.1,2.0,3,1,26.04
25,Female,45.5,1.5,194,134,60,1.93,1293.0,Strength,15.1,2.7,5,3,20.22
30,Male,64.7,1.62,174,122,55,1.52,1020.0,Strength,13.9,3.5,4,3,24.65
21,Female,68.5,1.59,190,162,50,1.23,996.0,Strength,33.2,2.2,4,2,27.10
18,Female,76.6,1.61,175,150,71,1.9,1425.0,Yoga,15.3,2.7,4,3,29.55
48,Female,89.6,1.6,169,125,55,1.49,838.0,Yoga,31.1,2.5,4,2,35.00
47,Female,62.1,1.62,191,122,62,1.14,626.0,HIIT,28.8,1.9,4,2,23.66
41,Female,70.8,1.74,161,130,71,1.04,608.0,Strength,32.9,1.6,3,1,23.38
56,Female,48.8,1.63,183,134,73,1.2,724.0,Yoga,33.7,2.0,4,2,18.37
18,Female,46.0,1.6,182,164,71,0.6,492.0,Strength,33.5,2.4,3,1,17.97
31,Female,65.7,1.61,161,147,54,1.77,1301.0,Yoga,18.9,2.7,4,3,25.35
55,Male,102.6,1.86,197,129,64,1.0,639.0,Yoga,22.7,2.2,3,2,29.66
24,Male,95.4,1.85,190,157,67,1.48,1278.0,Cardio,28.1,2.4,4,2,27.87
38,Male,69.4,1.77,199,166,69,1.32,1205.0,Strength,25.3,2.3,3,1,22.15
49,Male,88.5,1.64,185,169,63,1.4,1171.0,Strength,20.5,3.4,3,1,32.90
24,Female,68.9,1.58,188,169,64,0.5,422.0,Yoga,29.6,1.6,2,1,27.60
30,Male,104.9,1.99,162,126,54,1.45,1005.0,Strength,29.4,3.2,2,1,26.49
43,Female,48.2,1.66,173,134,53,0.73,440.0,Yoga,33.9,1.9,2,1,17.49
30,Male,93.7,1.99,184,137,51,1.59,1198.0,Strength,10.5,3.5,4,3,23.66
52,Male,75.2,1.76,160,137,56,1.28,868.0,Cardio,27.4,3.3,4,2,24.28
37,Male,106.8,1.88,162,160,59,0.72,634.0,Strength,28.1,3.6,2,1,30.22
46,Female,45.0,1.6,185,143,65,0.88,566.0,Cardio,27.7,1.6,3,1,17.58
30,Male,54.1,1.71,177,121,59,1.49,992.0,HIIT,24.7,2.5,4,2,18.50
43,Female,60.0,1.64,168,159,67,1.25,894.0,Strength,32.1,2.5,4,2,22.31
21,Female,57.0,1.59,197,139,66,1.27,883.0,Strength,29.4,1.8,3,2,22.55
47,Male,108.5,1.99,182,153,70,1.98,1500.0,Strength,10.6,3.5,4,3,27.40
23,Male,57.5,1.63,180,162,62,1.35,1203.0,Cardio,27.1,2.4,4,2,21.64
25,Male,87.2,1.98,160,145,50,1.65,1316.0,Strength,14.6,3.5,5,3,22.24
36,Female,45.0,1.53,180,126,50,1.84,1159.0,Strength,18.3,2.7,5,3,19.22
44,Male,70.1,1.85,186,157,64,1.28,995.0,Yoga,27.7,3.4,2,1,20.48
43,Female,59.4,1.58,165,149,50,1.86,1247.0,HIIT,16.8,2.7,5,3,23.79
42,Female,68.1,1.79,195,161,55,0.62,499.0,Cardio,26.8,2.7,2,1,21.25
56,Male,100.4,1.87,187,124,74,1.51,927.0,Yoga,13.2,3.5,5,3,28.71
52,Male,97.8,1.84,176,130,62,0.69,444.0,Cardio,23.3,2.9,3,1,28.89
52,Female,53.1,1.58,199,120,50,1.93,1042.0,Yoga,19.3,2.7,5,3,21.27
15,Female,148.7,1.76,162,153,54,1.54,1060.0,HIIT,15.6,2.7,5,3,48.00
52,Female,57.2,1.53,171,120,58,1.74,940.0,Yoga,17.2,2.7,4,3,24.44
41,Male,111.3,1.98,198,138,74,1.43,1085.0,Cardio,24.0,2.5,3,2,28.39
14,Female,180.3,1.76,171,121,66,0.94,569.0,Strength,34.4,2.0,3,1,58.21
24,Male,105.1,1.84,161,140,65,0.51,393.0,Strength,21.5,2.3,3,1,31.04
54,Female,73.9,1.7,181,139,57,1.06,663.0,HIIT,25.1,2.4,4,2,25.57
48,Female,60.8,1.5,182,142,66,1.43,914.0,Cardio,27.4,2.4,3,1,27.02
47,Male,77.8,1.7,189,140,64,1.01,700.0,Cardio,28.2,3.5,3,2,26.92
25,Female,77.6,1.79,164,143,73,1.39,994.0,Cardio,27.1,1.5,2,1,24.22
39,Male,110.5,1.94,168,123,50,1.8,1218.0,HIIT,11.2,3.5,5,3,29.36
47,Male,79.7,1.87,180,131,61,1.14,739.0,Strength,21.3,3.0,4,2,22.79
18,Female,61.0,1.53,170,141,54,1.98,1396.0,Yoga,18.6,2.7,5,3,26.06
23,Male,80.3,1.77,164,139,73,1.04,795.0,HIIT,20.7,2.4,3,1,25.63
21,Male,67.0,1.9,194,137,55,1.8,1356.0,Yoga,11.7,3.5,4,3,18.56
35,Female,73.6,1.63,186,120,74,1.58,948.0,Strength,16.4,2.7,5,3,27.70
40,Male,82.7,1.77,161,149,50,1.22,900.0,HIIT,25.6,2.6,3,2,26.40
31,Male,63.8,1.6,183,152,74,1.4,1170.0,Strength,27.3,3.3,4,2,24.92
18,Male,79.0,1.85,190,143,50,1.21,952.0,Yoga,25.3,2.3,4,2,23.08
42,Female,70.2,1.57,192,133,59,0.66,395.0,Cardio,34.3,2.3,2,1,28.48
47,Male,73.2,1.64,198,155,59,1.2,921.0,Cardio,29.5,3.1,3,2,27.22
46,Female,80.9,1.76,189,124,52,0.88,491.0,Yoga,28.6,2.6,2,1,26.12
35,Female,59.1,1.5,196,130,66,0.69,448.0,Cardio,32.8,2.4,2,1,26.27
40,Male,65.5,1.69,187,143,68,0.77,545.0,Yoga,27.4,3.4,2,1,22.93
24,Male,90.6,1.7,190,150,60,0.76,627.0,HIIT,28.9,2.9,2,1,31.35
55,Male,109.5,1.78,170,132,67,0.85,555.0,HIIT,24.5,2.3,2,1,34.56
49,Female,59.2,1.68,182,135,51,1.2,729.0,HIIT,30.3,2.0,2,1,20.98
49,Male,69.7,1.63,161,143,58,1.7,1203.0,Cardio,12.1,3.5,4,3,26.23
52,Male,102.3,1.94,199,132,73,1.35,882.0,Strength,28.5,2.9,3,2,27.18
32,Male,77.1,1.93,186,143,66,1.88,1479.0,Cardio,11.1,3.5,5,3,20.70
21,Male,106.9,1.82,194,145,63,1.25,997.0,Cardio,22.4,3.2,3,2,32.27
79,Male,181.2,1.85,161,121,53,0.88,586.0,Strength,23.7,3.0,3,1,52.94
48,Female,88.0,1.72,198,135,66,1.24,753.0,Strength,27.3,2.0,4,2,29.75
59,Female,45.0,1.52,196,157,66,1.31,926.0,Strength,30.6,1.8,3,2,19.48
28,Male,107.2,1.97,180,165,61,1.13,1025.0,Strength,21.3,2.3,2,1,27.62
43,Male,71.0,1.82,164,120,69,1.47,873.0,Cardio,23.2,3.2,3,2,21.43
73,Male,170.1,1.75,180,168,67,1.25,1155.0,Yoga,29.1,3.1,2,1,55.54
26,Male,93.2,1.87,188,130,52,1.31,937.0,HIIT,24.1,3.2,4,2,26.65
45,Female,58.1,1.64,179,154,60,1.46,1012.0,Yoga,32.5,1.9,4,2,21.60
21,Male,60.0,1.7,197,162,74,0.83,740.0,Cardio,21.1,2.4,2,1,20.76
49,Female,90.4,1.63,179,148,67,1.17,779.0,Strength,27.5,2.4,3,1,34.02
39,Female,81.2,1.69,184,156,53,1.18,920.0,HIIT,33.1,2.4,4,2,28.43
15,Male,34.7,1.63,161,136,66,1.41,1055.0,HIIT,27.6,2.8,3,2,13.06
45,Female,66.1,1.59,191,158,67,1.31,931.0,Yoga,28.9,2.2,3,1,26.15
24,Female,65.2,1.51,185,161,54,1.62,1304.0,Cardio,19.8,2.7,5,3,28.60
50,Female,74.2,1.65,165,147,63,0.7,463.0,Cardio,34.1,1.9,2,1,27.25
46,Female,50.6,1.65,162,148,59,1.33,886.0,Cardio,34.6,2.3,3,2,18.59
25,Male,60.1,1.64,192,162,64,1.82,1622.0,HIIT,12.1,3.5,4,3,22.35
40,Male,82.6,1.76,160,122,50,1.09,658.0,Yoga,22.0,3.4,3,1,26.67
52,Female,45.3,1.58,164,129,65,0.86,499.0,HIIT,31.3,2.3,3,1,18.15
59,Male,56.5,1.66,172,161,60,1.21,964.0,HIIT,26.8,2.9,2,1,20.50
23,Male,71.9,1.67,178,133,72,0.97,710.0,Strength,21.3,2.8,3,1,25.78
25,Male,116.7,1.95,171,131,69,0.97,699.0,Yoga,27.9,3.1,3,1,30.69
26,Male,107.6,1.87,184,166,55,1.05,959.0,Strength,20.2,3.2,3,2,30.77
45,Male,75.2,1.72,194,161,73,0.91,725.0,Cardio,24.8,2.9,2,1,25.42
53,Female,72.5,1.57,171,149,71,1.34,898.0,HIIT,28.3,2.2,3,2,29.41
41,Male,82.4,1.81,189,151,65,1.54,1151.0,Yoga,13.7,3.5,5,3,25.15
37,Male,84.3,1.74,164,151,51,1.66,1379.0,Cardio,11.6,3.5,5,3,27.84
51,Male,103.4,1.92,193,161,50,1.36,1084.0,Yoga,28.3,2.2,4,2,28.05
28,Male,77.2,1.97,181,151,73,0.74,615.0,HIIT,25.9,3.6,3,1,19.89
55,Female,67.0,1.6,198,145,73,1.1,718.0,Yoga,32.9,2.4,4,2,26.17
25,Female,83.8,1.65,172,120,58,1.07,642.0,Cardio,34.9,1.9,4,2,30.78
38,Female,54.2,1.76,162,161,71,1.27,920.0,Strength,31.8,2.2,4,2,17.50
53,Female,59.5,1.62,179,121,61,1.41,768.0,HIIT,34.8,1.6,3,1,22.67
53,Male,95.4,1.8,190,136,66,1.7,1144.0,Strength,10.1,3.5,5,3,29.44
52,Female,66.3,1.76,164,149,74,1.06,711.0,HIIT,28.4,1.5,4,2,21.40
37,Male,91.1,1.94,183,158,64,0.84,730.0,Cardio,21.1,2.4,2,1,24.21
53,Male,112.7,1.9,199,126,68,0.66,412.0,HIIT,22.6,3.2,2,1,31.22
47,Male,64.0,1.84,192,146,71,1.29,932.0,Strength,28.4,3.4,4,2,18.90
41,Male,68.0,1.87,167,128,59,1.87,1185.0,HIIT,10.2,3.5,5,3,19.45
37,Male,86.8,1.88,183,141,61,1.22,946.0,Cardio,25.2,3.0,3,2,24.56
47,Female,62.3,1.54,179,153,63,1.28,881.0,HIIT,30.7,2.1,3,2,26.27
53,Female,60.1,1.5,175,165,58,1.38,1025.0,Strength,30.6,2.0,2,1,26.71
31,Female,68.1,1.72,171,168,62,1.08,907.0,Cardio,29.8,1.7,4,2,23.02
30,Female,64.0,1.55,172,120,52,1.3,780.0,Strength,32.9,1.6,3,2,26.64
44,Male,75.4,1.61,198,128,70,0.87,612.0,HIIT,21.3,3.3,2,1,29.09
45,Female,89.5,1.77,184,139,63,0.61,382.0,Yoga,28.1,2.6,2,1,28.57
54,Male,56.1,1.74,191,138,70,1.48,1011.0,Strength,26.2,2.8,4,2,18.53
56,Female,75.3,1.57,183,155,59,1.08,753.0,HIIT,31.9,2.3,3,1,30.55
46,Male,92.0,1.84,168,159,65,1.44,1133.0,Yoga,24.0,3.6,3,2,27.17
36,Male,51.2,1.62,199,164,56,0.81,731.0,Yoga,28.8,2.2,2,1,19.51
37,Female,54.9,1.57,182,123,53,0.97,597.0,Cardio,29.2,2.4,2,1,22.27
40,Male,106.1,1.98,172,128,69,1.37,868.0,Yoga,24.0,3.0,2,1,27.06
38,Male,75.7,1.82,191,160,72,1.96,1725.0,Strength,10.2,3.5,5,3,22.85
28,Female,68.1,1.63,174,141,74,1.85,1304.0,Strength,17.8,2.7,4,3,25.63
36,Male,74.7,1.88,195,137,60,1.98,1492.0,Yoga,13.5,3.5,5,3,21.14
51,Female,59.9,1.55,164,131,65,1.41,831.0,HIIT,26.1,2.2,4,2,24.93
25,Female,68.2,1.62,181,161,69,0.85,684.0,Strength,28.1,1.9,2,1,25.99
54,Female,93.8,1.69,175,162,53,1.28,933.0,Strength,32.8,2.3,4,2,32.84
12,Male,165.1,1.65,169,158,71,1.38,1199.0,Cardio,23.7,3.4,4,2,60.64
28,Male,72.6,1.65,183,128,71,1.66,1169.0,HIIT,11.2,3.5,4,3,26.67
27,Male,84.5,1.66,177,125,72,0.93,639.0,Yoga,26.7,2.2,2,1,30.66
25,Female,57.3,1.56,177,138,66,1.42,980.0,HIIT,27.0,2.1,3,2,23.55
43,Male,99.8,1.96,166,167,62,1.29,1066.0,Cardio,29.0,2.2,3,1,25.98
34,Female,59.8,1.65,163,166,60,1.1,913.0,Cardio,26.1,2.5,2,1,21.97
47,Female,55.4,1.51,185,126,52,1.37,777.0,HIIT,32.1,2.1,4,2,24.30
37,Male,70.9,1.63,164,135,58,1.02,757.0,Cardio,25.0,3.4,4,2,26.69
30,Female,72.5,1.67,175,124,55,0.9,558.0,Cardio,33.7,1.9,3,1,26.00
22,Male,82.4,1.88,194,135,71,0.52,386.0,Cardio,21.3,2.2,2,1,23.31
54,Male,50.7,1.6,185,120,70,1.34,796.0,HIIT,26.8,2.1,4,2,19.80
27,Male,90.3,1.81,177,156,60,1.29,1107.0,Cardio,25.7,2.5,4,2,27.56
40,Male,105.5,1.93,188,158,65,1.68,1314.0,Yoga,12.4,3.5,4,3,28.32
39,Male,86.2,1.79,182,138,68,1.74,1321.0,Yoga,12.5,3.5,5,3,26.90
53,Female,81.7,1.74,173,156,54,1.37,962.0,Strength,32.2,1.8,3,2,26.99
39,Female,64.3,1.56,174,136,63,0.61,415.0,Yoga,34.4,2.2,2,1,26.42
38,Female,82.5,1.76,192,145,66,1.15,834.0,Strength,25.9,1.5,4,2,26.63
52,Male,73.9,1.63,184,141,52,1.01,705.0,HIIT,20.2,2.9,4,2,27.81
56,Male,101.1,1.92,180,127,53,0.72,453.0,Cardio,28.1,2.7,3,1,27.43
58,Male,73.4,1.68,176,152,65,1.77,1332.0,Yoga,10.5,3.5,5,3,26.01
34,Female,69.7,1.76,182,121,65,1.46,883.0,Strength,34.9,2.2,3,1,22.50
45,Male,95.1,1.82,176,149,70,1.9,1401.0,HIIT,13.1,3.5,5,3,28.71
22,Female,60.7,1.52,173,166,74,1.45,1204.0,Strength,31.5,2.3,3,2,26.27
50,Female,46.9,1.52,188,139,53,1.27,794.0,Cardio,27.0,2.3,4,2,20.30
41,Male,79.2,1.92,179,137,68,1.13,851.0,Yoga,22.4,3.7,4,2,21.48
43,Male,96.9,2.0,189,162,66,1.83,1467.0,HIIT,13.3,3.5,5,3,24.23
25,Female,55.3,1.6,178,129,62,1.1,710.0,Strength,34.1,1.7,3,2,21.60
35,Male,77.9,1.74,198,143,71,1.03,810.0,HIIT,29.8,2.7,4,2,25.73
27,Female,66.2,1.52,172,123,72,1.48,910.0,Strength,27.0,2.0,3,1,28.65
27,Male,99.3,1.79,177,156,73,1.17,1004.0,Strength,21.3,2.7,3,2,30.99
25,Male,86.3,1.86,182,123,50,1.34,907.0,Cardio,20.6,3.1,2,1,24.95
37,Female,51.9,1.5,192,132,61,1.37,904.0,Cardio,33.7,2.1,4,2,23.07
79,Male,160.6,1.86,198,144,53,1.36,969.0,Strength,22.9,2.9,4,2,46.42
21,Female,55.0,1.5,199,132,60,1.25,825.0,Yoga,25.0,2.0,3,2,24.44
30,Male,95.7,1.91,177,137,54,1.27,957.0,HIIT,22.2,3.7,3,1,26.23
57,Female,51.0,1.52,168,143,51,0.92,592.0,HIIT,28.4,2.6,3,1,22.07
56,Female,57.8,1.68,192,121,66,1.17,637.0,Cardio,34.9,1.9,3,2,20.48
26,Male,95.8,1.9,191,167,57,1.02,937.0,Yoga,25.2,2.2,2,1,26.54
40,Female,61.8,1.66,176,152,55,1.4,958.0,Strength,27.0,2.5,2,1,22.43
21,Male,109.6,1.87,178,138,70,0.61,463.0,Cardio,23.3,3.7,3,1,31.34
21,Male,70.8,1.9,186,128,58,1.91,1345.0,Strength,11.7,3.5,5,3,19.61
13,Male,34.0,1.68,165,147,62,1.16,844.0,Strength,20.2,2.5,4,2,12.05
55,Female,52.9,1.72,194,154,60,0.97,672.0,Cardio,26.4,1.9,3,1,17.88
54,Female,87.4,1.73,196,158,65,1.08,768.0,Yoga,32.0,2.6,3,1,29.20
35,Male,88.8,1.86,193,129,65,1.37,972.0,HIIT,21.2,3.2,3,1,25.67
24,Male,76.6,1.83,179,120,51,1.04,686.0,Cardio,22.3,2.5,3,2,22.87
18,Female,55.0,1.55,184,161,59,1.42,1143.0,Yoga,28.5,2.2,3,2,22.89
38,Male,116.4,1.89,163,140,61,0.77,593.0,Strength,27.6,3.6,2,1,32.59
13,Male,180.8,1.68,169,128,57,0.67,472.0,Cardio,25.8,3.4,2,1,64.06
20,Female,76.6,1.57,169,166,60,1.29,1071.0,HIIT,31.9,2.4,2,1,31.08
37,Male,80.3,1.77,183,134,59,1.32,876.0,HIIT,25.7,3.3,3,2,25.63
18,Female,62.5,1.65,180,154,62,1.14,878.0,Strength,31.8,1.7,3,2,22.96
56,Male,77.5,1.63,170,124,74,0.54,331.0,Cardio,20.0,3.4,3,1,29.17
21,Female,60.7,1.61,186,160,66,1.34,1072.0,HIIT,34.3,1.8,2,1,23.42
47,Male,78.2,1.86,175,141,56,1.36,949.0,Cardio,21.1,3.6,3,1,22.60
34,Male,67.2,1.71,185,160,73,1.87,1646.0,HIIT,12.0,3.5,5,3,22.98
55,Female,52.6,1.58,189,142,52,1.45,927.0,Strength,32.7,1.9,2,1,21.07
76,Male,162.4,1.85,175,126,69,1.35,842.0,Strength,24.4,3.5,4,2,47.45
25,Female,47.6,1.58,166,142,62,1.26,895.0,Cardio,34.5,1.8,4,2,19.07
46,Male,97.6,1.88,175,163,68,1.03,831.0,Yoga,24.7,2.9,3,1,27.61
34,Female,76.7,1.68,194,144,56,1.23,886.0,Yoga,33.7,1.6,3,1,27.18
56,Female,64.1,1.7,175,146,58,1.29,848.0,Strength,33.1,2.3,2,1,22.18
22,Female,57.6,1.73,199,160,68,1.27,1016.0,HIIT,34.8,2.5,3,2,19.25
31,Female,64.7,1.56,171,125,62,1.03,644.0,Yoga,34.3,2.4,4,2,26.59
44,Male,79.5,1.88,194,153,71,1.08,818.0,Strength,29.0,2.9,4,2,22.49
38,Male,78.9,1.77,180,128,57,1.36,957.0,HIIT,27.3,2.1,4,2,25.18
46,Female,70.1,1.58,195,168,71,1.47,1111.0,HIIT,28.7,2.6,2,1,28.08
23,Female,85.4,1.76,176,152,67,1.56,1186.0,Yoga,15.5,2.7,4,3,27.57
59,Female,77.5,1.67,191,125,72,1.38,776.0,Strength,31.9,2.3,4,2,27.79
55,Male,124.3,1.87,165,156,51,0.68,525.0,HIIT,29.8,3.3,3,1,35.55
19,Male,112.7,1.96,183,150,67,1.83,1510.0,HIIT,13.6,3.5,4,3,29.34
23,Male,88.5,1.73,186,153,67,1.01,850.0,Cardio,29.3,3.4,3,2,29.57
31,Male,123.5,2.0,179,160,60,1.24,1091.0,Cardio,28.0,3.3,4,2,30.88
42,Female,53.6,1.75,184,148,50,1.14,759.0,Yoga,26.6,2.0,4,2,17.50
11,Female,163.1,1.67,161,133,63,1.76,1053.0,Cardio,16.2,2.7,5,3,58.48
52,Female,51.6,1.53,168,155,65,1.41,983.0,Strength,28.4,2.4,4,2,22.04
53,Male,56.5,1.73,187,155,60,0.69,529.0,Yoga,21.7,3.1,3,1,18.88
23,Male,97.0,1.92,197,134,50,0.89,656.0,Yoga,25.8,3.5,2,1,26.31
52,Male,84.8,2.0,162,127,56,1.83,1150.0,Cardio,14.9,3.5,4,3,21.20
41,Female,50.1,1.51,179,145,65,1.25,906.0,HIIT,32.6,2.5,3,1,21.97
34,Female,47.2,1.54,165,155,63,1.06,822.0,Strength,29.2,1.5,3,1,19.90
39,Male,82.8,1.74,198,167,64,1.03,946.0,Strength,20.0,2.6,4,2,27.35
31,Female,83.4,1.67,192,140,63,1.46,1022.0,Strength,28.1,1.5,4,2,29.90
57,Male,92.4,1.86,160,147,70,1.14,830.0,Yoga,25.3,2.2,3,2,26.71
54,Male,55.8,1.61,196,123,60,1.87,1139.0,Strength,11.6,3.5,5,3,21.53
54,Female,78.5,1.69,165,135,65,1.36,826.0,HIIT,26.1,2.2,3,1,27.49
79,Male,36.1,1.62,193,141,68,0.84,651.0,HIIT,24.4,3.5,3,1,13.76
73,Female,170.7,1.69,174,131,66,0.54,354.0,Cardio,27.5,1.6,2,1,59.77
32,Male,93.7,1.85,185,135,55,1.78,1322.0,Strength,14.5,3.5,5,3,27.38
55,Female,91.0,1.68,173,159,60,1.03,737.0,Yoga,26.0,2.0,4,2,32.24
30,Female,73.1,1.8,166,157,66,0.59,463.0,Cardio,25.5,2.6,2,1,22.56
34,Female,62.7,1.63,190,161,58,1.67,1344.0,HIIT,15.0,2.7,5,3,23.60
49,Male,76.8,1.76,183,156,67,1.81,1398.0,Strength,11.6,3.5,5,3,24.79
19,Male,91.4,1.84,190,148,66,1.73,1408.0,HIIT,13.3,3.5,5,3,27.00
18,Female,94.6,1.78,188,137,61,1.71,1171.0,Cardio,18.7,2.7,4,3,29.86
37,Female,59.0,1.66,191,129,72,1.25,806.0,HIIT,29.5,2.5,3,1,21.41
41,Male,92.0,2.0,176,161,71,1.42,1257.0,Strength,26.8,2.9,4,2,23.00
26,Male,75.1,1.86,173,158,71,1.06,921.0,Strength,23.6,3.3,4,2,21.71
30,Male,99.7,1.89,199,137,54,1.75,1319.0,Cardio,13.3,3.5,5,3,27.91
79,Female,168.7,1.52,195,120,60,1.19,714.0,Strength,25.4,2.1,4,2,73.02
48,Male,85.0,1.87,183,158,53,1.29,1009.0,HIIT,23.9,2.3,4,2,24.31
85,Male,178.7,1.75,186,140,53,1.4,1078.0,HIIT,27.9,2.2,3,2,58.35
21,Female,51.8,1.55,184,120,52,0.55,330.0,Yoga,33.0,1.7,2,1,21.56
58,Male,97.8,1.88,191,134,73,1.19,789.0,Yoga,27.2,2.6,4,2,27.67
27,Male,69.0,1.86,177,123,72,1.52,1028.0,Yoga,11.0,3.5,4,3,19.94
38,Male,78.1,1.66,177,139,74,1.97,1355.0,HIIT,11.2,3.5,5,3,28.34
42,Female,69.3,1.68,196,129,66,0.76,441.0,HIIT,35.0,2.6,3,1,24.55
24,Female,100.0,1.71,185,142,56,0.89,632.0,Cardio,26.0,2.5,2,1,34.20
41,Female,73.0,1.7,168,160,53,0.95,684.0,Yoga,26.8,2.0,3,1,25.26
52,Female,51.8,1.55,194,153,72,1.17,806.0,HIIT,26.3,2.1,4,2,21.56
45,Female,78.1,1.73,167,165,62,1.67,1240.0,Cardio,16.6,2.7,5,3,26.10
24,Female,72.4,1.71,179,167,61,1.12,935.0,HIIT,27.1,1.8,3,1,24.76
44,Female,67.7,1.74,181,152,50,1.18,807.0,Cardio,30.0,2.3,4,2,22.36
44,Male,62.6,1.81,178,153,70,1.7,1287.0,Yoga,12.4,3.5,5,3,19.11
58,Male,57.8,1.76,189,158,68,1.48,1158.0,Yoga,29.0,3.4,3,2,18.66
56,Female,79.8,1.67,187,129,70,1.28,743.0,Yoga,25.3,1.8,4,2,28.61
12,Male,33.4,1.97,194,139,69,1.3,894.0,HIIT,23.2,2.1,3,2,8.61
49,Male,96.5,1.84,170,120,67,1.26,748.0,HIIT,26.0,3.1,4,2,28.50
36,Female,49.4,1.52,190,132,60,1.13,746.0,Cardio,31.0,2.2,3,1,21.38
31,Male,73.6,1.77,198,120,69,1.15,759.0,Strength,24.8,2.7,3,2,23.49
52,Male,65.1,1.84,195,124,52,1.38,847.0,Strength,28.2,3.1,4,2,19.23
37,Male,105.3,1.95,189,135,66,1.58,1173.0,Yoga,10.3,3.5,5,3,27.69
32,Male,71.7,1.68,182,134,61,1.46,1076.0,Strength,28.2,2.9,4,2,25.40
47,Male,84.7,1.95,178,168,59,1.06,881.0,Yoga,24.9,2.4,3,2,22.27
48,Female,78.8,1.72,171,147,57,1.41,933.0,Cardio,26.3,2.0,3,1,26.64
28,Female,76.6,1.74,174,150,64,1.08,810.0,Strength,33.9,2.0,3,2,25.30
71,Female,36.9,1.51,190,142,54,0.75,479.0,Strength,31.5,2.6,3,1,16.18
25,Male,73.8,1.85,196,167,53,0.72,661.0,Yoga,21.6,3.6,2,1,21.56
32,Female,68.3,1.64,196,164,70,1.28,1050.0,Cardio,25.3,2.6,4,2,25.39
23,Male,55.6,1.62,174,162,69,1.88,1675.0,Strength,10.7,3.5,5,3,21.19
41,Male,49.9,1.63,188,136,68,0.52,350.0,Strength,26.1,3.2,3,1,18.78
18,Male,104.8,1.93,185,168,70,1.27,1173.0,Strength,21.8,3.0,4,2,28.13
28,Male,118.7,1.98,161,153,53,1.8,1515.0,Cardio,11.1,3.5,4,3,30.28
14,Female,37.5,1.62,179,132,64,0.51,303.0,Cardio,25.3,2.3,3,1,14.29
23,Female,46.0,1.56,174,133,66,1.47,978.0,Strength,32.2,2.6,3,2,18.90
51,Male,87.2,1.79,163,130,61,1.17,753.0,Yoga,28.1,2.4,4,2,27.22
21,Female,55.5,1.53,181,147,52,1.29,948.0,Yoga,33.0,2.1,3,2,23.71
14,Male,165.0,1.66,197,161,59,1.3,1151.0,Strength,21.3,3.2,3,1,59.88
50,Female,76.4,1.73,182,151,64,1.38,938.0,Cardio,34.0,2.3,2,1,25.53
26,Female,67.0,1.63,185,154,59,1.1,847.0,Strength,31.7,1.8,3,2,25.22
36,Male,83.0,1.92,170,150,73,1.31,1081.0,Cardio,29.0,3.0,4,2,22.52
42,Female,74.2,1.59,187,136,72,0.82,502.0,Strength,29.5,2.5,2,1,29.35
46,Male,97.8,1.65,161,166,67,1.1,904.0,Cardio,24.4,2.8,3,2,35.92
39,Female,54.8,1.61,167,128,50,1.17,749.0,HIIT,32.8,2.5,2,1,21.14
42,Male,84.8,1.63,188,129,52,1.34,856.0,Yoga,20.9,2.6,4,2,31.92
27,Male,89.3,1.92,170,127,70,1.13,789.0,HIIT,25.2,3.6,2,1,24.22
49,Female,80.6,1.6,196,140,61,1.88,1184.0,Yoga,19.2,2.7,5,3,31.48
49,Female,69.4,1.55,177,132,50,0.71,422.0,Cardio,33.3,2.1,2,1,28.89
80,Male,41.0,1.79,173,169,52,1.12,937.0,HIIT,29.6,3.0,3,1,12.80
54,Female,59.1,1.67,169,124,52,1.5,837.0,Yoga,32.0,1.5,2,1,21.19
18,Female,69.5,1.54,194,125,54,0.97,606.0,Strength,27.1,1.7,2,1,29.31
37,Male,78.2,1.8,168,149,68,1.72,1410.0,Cardio,10.1,3.5,4,3,24.14
25,Male,92.2,1.85,194,150,74,1.6,1320.0,Cardio,12.4,3.5,4,3,26.94
42,Female,64.1,1.65,170,136,50,1.45,887.0,Strength,30.1,2.3,2,1,23.54
34,Male,68.5,1.78,171,130,53,1.38,987.0,Strength,22.4,2.7,4,2,21.62
23,Male,83.6,1.93,162,139,53,1.42,1086.0,Yoga,21.2,2.9,4,2,22.44
48,Male,72.1,1.77,198,167,66,1.51,1248.0,Cardio,12.9,3.5,4,3,23.01
20,Female,75.9,1.72,173,128,63,1.0,640.0,Yoga,32.6,1.6,3,2,25.66
56,Female,86.0,1.7,187,121,67,1.32,719.0,Strength,34.9,2.5,3,1,29.76
18,Male,99.4,1.94,170,156,50,1.02,875.0,Cardio,27.6,3.3,4,2,26.41
79,Female,35.3,1.66,198,120,71,1.27,762.0,Strength,32.9,1.7,3,2,12.81
53,Male,86.5,2.0,184,123,65,1.13,688.0,Yoga,26.2,3.1,3,1,21.62
56,Female,85.0,1.61,180,155,52,1.41,983.0,Yoga,34.9,2.5,4,2,32.79
25,Male,100.3,1.8,169,144,72,1.48,1172.0,Yoga,26.4,3.1,2,1,30.96
26,Male,64.3,1.8,174,122,70,1.38,926.0,Cardio,28.6,2.5,4,2,19.85
35,Female,59.3,1.75,178,128,58,0.99,634.0,Strength,34.5,2.3,3,1,19.36
35,Male,106.6,1.94,181,141,72,1.18,915.0,Strength,29.3,2.4,4,2,28.32
37,Female,60.1,1.6,180,142,53,1.21,859.0,Yoga,28.8,1.9,4,2,23.48
33,Female,71.6,1.73,191,131,70,1.17,766.0,Yoga,25.8,1.8,3,2,23.92
26,Male,79.4,1.68,182,129,54,1.13,802.0,Yoga,21.7,2.9,3,1,28.13
18,Male,60.9,1.67,172,153,60,1.46,1229.0,Yoga,20.6,2.2,3,2,21.84
34,Female,60.3,1.67,164,162,70,1.02,826.0,HIIT,26.1,2.6,4,2,21.62
21,Male,93.5,1.86,163,129,58,1.37,972.0,HIIT,21.8,2.6,3,2,27.03
18,Male,107.9,1.82,187,149,52,1.2,983.0,HIIT,23.4,2.4,3,2,32.57
61,Male,82.2,1.86,173,141,55,1.14,796.0,Yoga,25.4,2.8,4,2,23.76
15,Male,41.2,1.83,167,125,73,1.98,1225.0,Yoga,13.6,3.5,5,3,12.30
49,Male,58.5,1.71,168,169,60,1.14,954.0,Strength,22.1,2.5,2,1,20.01
46,Female,76.4,1.55,194,121,58,1.67,909.0,Cardio,18.4,2.7,5,3,31.80
48,Female,74.8,1.59,196,149,64,1.19,798.0,Strength,32.0,2.1,3,2,29.59
25,Male,108.5,1.99,180,121,72,1.13,752.0,HIIT,25.6,2.6,3,1,27.40
56,Male,62.3,1.66,177,151,52,1.37,1024.0,Strength,29.0,2.2,2,1,22.61
44,Male,88.1,1.92,192,161,50,1.24,988.0,Yoga,21.1,2.5,3,1,23.90
51,Female,62.8,1.53,167,135,69,1.11,674.0,HIIT,26.8,2.0,4,2,26.83
18,Male,99.6,1.94,176,131,71,1.14,821.0,HIIT,24.3,2.1,3,2,26.46
35,Female,53.0,1.55,190,120,68,1.2,720.0,Cardio,26.3,2.4,4,2,22.06
20,Female,70.2,1.57,193,127,63,1.07,679.0,Cardio,30.7,2.2,3,2,28.48
19,Female,76.7,1.76,165,167,66,1.37,1144.0,HIIT,29.0,2.2,4,2,24.76
47,Male,83.9,1.71,181,169,71,1.42,1188.0,HIIT,22.8,2.9,3,1,28.69
51,Female,85.9,1.76,173,132,63,0.8,475.0,Strength,26.7,2.2,3,1,27.73
34,Male,109.6,1.85,162,134,66,1.18,870.0,HIIT,23.4,3.6,4,2,32.02
40,Female,56.7,1.55,171,163,74,0.85,693.0,Yoga,31.1,1.5,3,1,23.60
34,Male,71.2,1.74,195,127,63,1.45,1013.0,Strength,25.8,2.1,3,1,23.52
57,Female,47.7,1.65,171,129,61,1.29,749.0,Yoga,26.6,1.7,4,2,17.52
40,Male,51.1,1.62,161,165,65,1.34,1216.0,Yoga,21.2,2.3,4,2,19.47
32,Female,74.5,1.56,161,124,50,1.8,1116.0,Yoga,15.1,2.7,5,3,30.61
20,Male,88.7,1.96,174,169,62,1.9,1766.0,HIIT,10.1,3.5,5,3,23.09
27,Male,98.3,1.79,182,138,55,1.35,1025.0,Cardio,28.8,2.3,4,2,30.68
76,Male,41.9,1.66,188,166,66,1.29,1060.0,Cardio,20.5,3.1,3,2,15.21
53,Male,79.3,1.77,176,157,61,1.0,777.0,Yoga,27.3,2.8,3,2,25.31
52,Female,68.4,1.8,191,130,72,1.07,626.0,HIIT,33.7,2.7,4,2,21.11
56,Female,70.0,1.62,166,162,68,0.54,394.0,Strength,26.0,1.8,3,1,26.67
11,Male,35.4,1.67,189,139,55,1.38,950.0,Yoga,24.4,2.5,3,2,12.69
34,Female,73.6,1.56,187,139,56,1.71,1188.0,Strength,19.8,2.7,5,3,30.24
48,Male,99.3,1.8,173,140,50,1.36,942.0,Strength,28.3,3.7,3,1,30.65
77,Male,165.6,1.96,189,137,50,1.36,1025.0,HIIT,24.9,3.4,3,2,43.11
47,Female,75.1,1.65,176,169,54,1.27,966.0,HIIT,32.6,2.1,4,2,27.58
51,Male,72.4,1.61,191,129,55,1.36,868.0,Cardio,28.3,2.9,2,1,27.93
55,Male,91.4,1.78,165,153,65,1.44,1091.0,Cardio,23.5,3.4,3,1,28.85
50,Female,45.0,1.55,183,145,74,0.89,581.0,HIIT,33.9,2.1,3,1,18.73
41,Male,78.9,1.78,165,149,65,1.26,929.0,Yoga,24.7,2.4,3,1,24.90
30,Male,53.7,1.62,186,128,63,0.58,408.0,Cardio,25.3,3.4,2,1,20.46
48,Male,70.6,1.64,177,165,50,2.0,1634.0,Strength,15.0,3.5,4,3,26.25
58,Male,87.5,1.71,183,150,62,0.57,423.0,Yoga,28.4,2.9,3,1,29.92
37,Female,53.6,1.61,196,161,69,1.02,821.0,Strength,28.6,1.7,3,2,20.68
22,Female,66.9,1.62,183,123,59,1.38,849.0,HIIT,25.1,2.1,3,1,25.49
45,Female,70.7,1.54,197,125,73,1.61,906.0,Strength,18.1,2.7,4,3,29.81
11,Male,36.5,1.69,193,133,59,1.06,775.0,Yoga,27.0,2.7,3,1,12.78
29,Male,84.5,1.83,199,123,58,1.41,954.0,HIIT,26.5,3.5,3,2,25.23
33,Female,45.9,1.62,174,145,62,1.76,1276.0,Yoga,19.8,2.7,5,3,17.49
27,Male,48.0,1.61,170,166,52,1.75,1598.0,Strength,14.3,3.5,4,3,18.52
36,Male,63.8,1.81,181,167,67,1.36,1249.0,Yoga,24.5,2.2,2,1,19.47
36,Male,58.9,1.69,183,158,69,1.81,1573.0,HIIT,10.3,3.5,5,3,20.62
42,Male,53.8,1.61,160,136,51,1.06,714.0,Strength,24.8,3.5,4,2,20.76
20,Female,66.6,1.7,177,138,66,1.36,938.0,Strength,31.9,2.1,4,2,23.04
54,Female,76.5,1.58,171,168,68,0.97,733.0,Cardio,31.1,2.0,2,1,30.64
24,Female,84.5,1.7,187,125,72,0.51,319.0,Cardio,30.4,1.7,2,1,29.24
21,Male,120.3,1.94,199,148,62,1.17,952.0,Yoga,24.7,3.2,3,2,31.96
29,Female,58.7,1.77,166,130,62,1.41,916.0,Cardio,27.9,2.6,4,2,18.74
23,Female,61.6,1.58,182,135,50,1.49,1006.0,Cardio,27.8,2.0,3,2,24.68
41,Male,103.9,1.99,180,149,51,1.16,951.0,Cardio,25.0,2.4,4,2,26.24
14,Male,36.6,1.89,193,144,50,1.45,1148.0,Cardio,21.6,2.9,3,2,10.25
49,Female,52.8,1.69,170,159,73,0.75,537.0,HIIT,28.4,2.5,3,1,18.49
25,Female,73.3,1.59,181,130,54,1.49,968.0,HIIT,28.2,1.5,3,2,28.99
33,Female,45.0,1.52,194,126,73,1.02,643.0,Cardio,30.9,2.3,2,1,19.48
27,Female,63.7,1.58,188,145,52,1.36,986.0,Yoga,25.7,2.2,3,2,25.52
27,Male,113.6,1.93,187,141,56,1.32,1024.0,HIIT,28.3,2.5,3,2,30.50
58,Female,61.5,1.56,177,144,73,1.52,985.0,Cardio,17.8,2.7,5,3,25.27
13,Female,33.4,1.78,173,138,71,0.55,380.0,HIIT,31.7,2.0,2,1,10.54
40,Male,55.1,1.64,177,150,62,0.63,468.0,Strength,27.0,2.4,3,1,20.49
22,Female,64.5,1.68,187,145,72,0.91,660.0,HIIT,27.9,2.4,2,1,22.85
44,Male,112.2,1.99,183,161,67,0.93,741.0,HIIT,24.7,3.1,3,1,28.33
10,Male,171.5,1.8,167,160,73,0.79,695.0,Yoga,29.6,2.9,2,1,52.93
81,Male,149.7,1.79,167,155,70,1.51,1159.0,HIIT,13.8,3.5,5,3,46.72
48,Female,72.8,1.73,163,142,56,1.11,709.0,Yoga,34.7,2.0,3,1,24.32
53,Female,93.4,1.67,186,166,50,0.93,695.0,Strength,32.5,1.8,3,1,33.49
36,Male,68.9,1.93,195,132,54,1.49,1082.0,Cardio,21.8,3.4,3,2,18.50
35,Female,60.0,1.52,164,144,66,1.19,857.0,Yoga,25.6,2.0,4,2,25.97
20,Female,63.4,1.56,192,121,57,1.45,877.0,HIIT,30.8,2.1,4,2,26.05
34,Male,80.8,1.76,193,121,64,0.84,559.0,HIIT,23.6,2.9,2,1,26.08
47,Male,125.7,1.95,189,135,69,1.47,982.0,Yoga,22.8,2.8,3,2,33.06
59,Female,75.9,1.77,167,128,53,1.46,841.0,Strength,33.1,1.8,3,1,24.23
35,Male,68.2,1.88,198,147,51,0.55,445.0,Cardio,23.7,2.2,2,1,19.30
39,Female,55.0,1.56,185,132,54,1.64,1082.0,HIIT,16.6,2.7,5,3,22.60
26,Female,68.4,1.6,196,154,50,0.76,585.0,Strength,33.5,1.6,3,1,26.72
18,Female,78.9,1.75,193,160,74,1.29,1032.0,Cardio,33.5,2.4,3,2,25.76
22,Female,74.9,1.72,166,132,54,1.48,977.0,Cardio,28.6,1.8,4,2,25.32
54,Male,73.2,1.72,199,150,55,0.9,668.0,HIIT,28.3,2.1,2,1,24.74
33,Male,104.4,1.72,187,140,51,1.79,1378.0,Yoga,14.3,3.5,4,3,35.29
43,Male,107.7,1.77,198,151,50,1.08,807.0,HIIT,24.2,3.4,3,1,34.38
48,Male,62.8,1.65,198,153,53,1.22,924.0,HIIT,20.7,2.3,3,2,23.07
84,Female,35.0,1.77,187,127,56,1.72,1092.0,HIIT,15.0,2.7,4,3,11.17
45,Female,86.1,1.72,173,160,71,1.03,742.0,Strength,30.2,2.3,4,2,29.10
44,Male,111.9,1.97,197,167,50,1.66,1372.0,Yoga,11.7,3.5,5,3,28.83
31,Female,78.5,1.67,163,121,50,1.37,829.0,Strength,35.0,1.9,2,1,28.15
85,Female,38.8,1.77,177,157,57,1.48,1046.0,HIIT,32.7,1.7,4,2,12.38
38,Female,61.6,1.6,184,151,69,0.89,672.0,Yoga,32.6,2.0,2,1,24.06
45,Male,112.7,1.93,166,159,65,1.29,1015.0,Cardio,29.6,2.0,3,2,30.26
32,Male,77.5,1.64,197,147,70,1.9,1536.0,Yoga,14.4,3.5,4,3,28.81
42,Male,69.3,1.79,187,156,62,1.31,1012.0,HIIT,23.2,3.4,2,1,21.63
53,Female,88.2,1.79,164,160,72,1.34,965.0,Yoga,26.7,2.1,3,2,27.53
18,Male,73.2,1.63,162,120,73,0.66,436.0,Cardio,27.5,2.2,3,1,27.55
27,Male,104.7,1.9,190,160,72,1.47,1294.0,Cardio,23.8,2.4,4,2,29.00
54,Male,94.8,1.86,179,129,67,1.01,645.0,Yoga,24.7,2.8,3,2,27.40
30,Male,66.6,1.64,178,123,69,1.77,1197.0,Cardio,13.2,3.5,4,3,24.76
12,Male,181.9,1.83,170,154,59,1.35,1143.0,Strength,29.1,2.3,4,2,54.32
32,Male,94.3,1.98,199,129,61,0.71,504.0,Yoga,24.2,2.5,2,1,24.05
43,Female,71.1,1.8,162,166,50,0.79,590.0,Cardio,32.8,2.1,3,1,21.94
45,Female,97.6,1.79,182,130,59,0.74,433.0,Cardio,27.7,2.5,2,1,30.46
36,Male,62.4,1.74,166,133,58,0.91,666.0,Yoga,27.0,2.7,2,1,20.61
32,Male,83.4,1.62,182,157,52,0.56,484.0,Strength,20.0,3.2,2,1,31.78
41,Female,52.3,1.64,166,131,68,1.93,1138.0,Yoga,19.4,2.7,4,3,19.45
18,Female,71.3,1.68,193,164,58,1.42,1164.0,Cardio,25.3,2.6,4,2,25.26
43,Male,84.8,1.83,178,136,59,1.11,747.0,Yoga,27.1,2.4,3,2,25.32
36,Male,80.3,1.93,168,135,68,0.6,446.0,Cardio,20.5,3.4,2,1,21.56
30,Male,115.3,1.79,177,154,65,1.76,1491.0,HIIT,11.3,3.5,4,3,35.99
18,Male,77.8,1.75,184,121,73,1.33,885.0,Yoga,25.0,3.3,3,2,25.40
41,Female,84.5,1.6,173,130,67,0.87,566.0,Yoga,29.2,1.9,3,1,33.01
31,Male,61.8,1.63,184,160,63,1.41,1241.0,Cardio,21.9,3.7,4,2,23.26
53,Male,93.8,1.79,178,122,52,1.19,719.0,Cardio,23.3,2.4,3,2,29.27
52,Male,88.2,1.69,198,148,51,0.53,388.0,Cardio,27.3,2.4,2,1,30.88
37,Male,118.2,1.92,174,137,50,1.39,1047.0,Cardio,26.7,3.3,3,2,32.06
38,Female,68.1,1.62,175,139,67,1.17,732.0,Yoga,25.7,2.0,4,2,25.95
56,Female,58.3,1.59,186,166,73,1.08,807.0,Cardio,32.5,1.9,2,1,23.06
44,Female,55.5,1.54,199,133,58,1.67,999.0,Yoga,15.3,2.7,4,3,23.40
28,Male,97.8,1.87,169,153,62,1.62,1363.0,Strength,12.7,3.5,5,3,27.97
59,Male,62.2,1.61,163,168,51,1.38,1148.0,Yoga,22.6,2.3,3,2,24.00
35,Female,72.0,1.62,178,150,56,1.13,847.0,Cardio,30.9,2.4,4,2,27.43
53,Male,107.9,1.86,187,159,65,1.09,858.0,Cardio,22.6,3.3,3,2,31.19
37,Male,67.8,1.82,180,161,70,1.26,1116.0,Strength,29.8,3.0,3,2,20.47
43,Female,73.7,1.52,173,137,68,1.42,875.0,Yoga,28.1,2.6,4,2,31.90
45,Female,54.5,1.53,192,149,74,1.07,717.0,Strength,27.4,1.9,3,1,23.28
33,Female,78.1,1.78,169,144,64,1.33,958.0,Yoga,27.8,1.8,4,2,24.65
30,Female,51.2,1.52,178,138,71,1.78,1228.0,Cardio,19.5,2.7,4,3,22.16
37,Male,69.4,1.82,189,127,60,1.23,859.0,Yoga,26.4,3.2,4,2,20.95
44,Male,85.7,1.93,181,147,50,1.22,888.0,Cardio,27.3,3.3,2,1,23.01
21,Female,66.0,1.68,162,127,70,1.19,756.0,Cardio,34.2,1.8,3,2,23.38
30,Male,53.5,1.7,196,150,56,0.96,792.0,HIIT,29.1,2.1,3,1,18.51
18,Female,47.2,1.61,177,122,69,1.08,659.0,HIIT,32.4,2.5,2,1,18.21
74,Female,33.5,1.7,170,122,57,0.74,406.0,Yoga,27.0,2.7,2,1,11.59
13,Male,38.2,1.63,161,163,59,1.1,986.0,Cardio,28.4,3.1,2,1,14.38
51,Female,49.0,1.55,171,141,54,1.12,711.0,Strength,27.0,1.8,4,2,20.40
10,Male,161.5,1.93,165,136,58,1.35,1010.0,Cardio,27.4,3.7,4,2,43.36
55,Male,83.9,1.77,199,155,74,1.47,1128.0,Strength,26.9,3.5,2,1,26.78
24,Male,114.5,1.95,188,136,74,1.94,1451.0,Yoga,13.8,3.5,4,3,30.11
56,Male,64.7,1.69,189,133,50,1.76,1159.0,Yoga,12.7,3.5,5,3,22.65
38,Female,96.4,1.72,161,128,51,1.63,1043.0,Strength,18.2,2.7,5,3,32.59
57,Male,73.7,1.69,168,149,68,1.24,915.0,Strength,29.5,2.9,3,1,25.80
58,Female,92.3,1.78,161,140,63,1.05,662.0,Cardio,26.0,2.5,4,2,29.13
59,Female,85.3,1.69,188,131,69,1.69,996.0,Yoga,16.5,2.7,4,3,29.87
23,Female,79.8,1.62,192,156,59,1.37,1069.0,Cardio,31.1,2.5,3,2,30.41
43,Female,63.5,1.66,169,151,58,0.99,673.0,Strength,34.6,2.6,2,1,23.04
54,Male,79.0,1.77,193,130,59,1.21,779.0,HIIT,21.0,3.4,2,1,25.22
21,Male,101.9,1.93,167,139,55,1.15,879.0,HIIT,20.2,3.1,4,2,27.36
52,Female,60.9,1.75,196,154,66,1.76,1220.0,HIIT,15.3,2.7,5,3,19.89
52,Female,61.7,1.75,192,166,74,1.22,911.0,Strength,25.5,2.2,4,2,20.15
45,Male,73.4,1.75,165,165,55,1.32,1198.0,Cardio,29.1,2.8,4,2,23.97
42,Female,47.4,1.58,199,130,53,0.74,481.0,Yoga,32.2,2.3,2,1,18.99
24,Male,109.1,1.79,178,127,69,1.0,698.0,Strength,26.8,3.4,4,2,34.05
22,Female,49.0,1.59,191,123,52,1.8,1107.0,HIIT,17.6,2.7,4,3,19.38
24,Male,68.0,1.73,186,146,72,1.0,803.0,Cardio,27.8,3.6,2,1,22.72
46,Female,73.4,1.58,160,163,68,1.03,756.0,Yoga,26.6,2.1,4,2,29.40
27,Female,71.7,1.79,192,159,67,1.99,1582.0,Yoga,17.0,2.7,5,3,22.38
71,Male,168.5,1.76,199,157,73,0.71,552.0,Strength,24.9,3.0,2,1,54.40
48,Female,46.5,1.6,191,166,53,1.34,1001.0,Strength,26.1,2.0,4,2,18.16
40,Female,77.1,1.74,164,149,57,1.34,898.0,Yoga,29.2,2.3,3,1,25.47
27,Male,86.8,1.76,176,163,66,1.15,1031.0,Yoga,23.2,3.1,4,2,28.02
21,Female,50.4,1.58,167,167,54,1.07,893.0,HIIT,25.4,1.5,3,2,20.19
15,Male,41.9,1.61,193,167,62,1.06,876.0,Yoga,21.4,2.9,4,2,16.16
57,Male,75.5,1.86,168,146,74,1.1,795.0,Strength,27.6,2.2,3,2,21.82
56,Female,64.4,1.54,182,140,50,0.72,454.0,Cardio,25.2,1.5,3,1,27.15
51,Female,76.0,1.55,194,139,62,1.77,1107.0,HIIT,19.7,2.7,4,3,31.63
38,Female,70.7,1.57,166,123,53,1.04,576.0,HIIT,25.9,2.4,4,2,28.68
50,Female,72.6,1.66,174,130,71,0.74,433.0,Yoga,33.0,1.8,3,1,26.35
21,Female,57.0,1.55,179,132,73,1.38,911.0,Cardio,34.0,1.9,4,2,23.73
18,Female,70.1,1.63,184,128,63,1.35,864.0,HIIT,34.4,1.6,4,2,26.38
40,Female,85.7,1.77,162,123,52,1.01,621.0,Strength,33.7,1.7,2,1,27.35
46,Male,60.3,1.76,183,131,54,1.7,1102.0,Yoga,11.4,3.5,4,3,19.47
29,Female,57.7,1.5,193,128,56,1.94,1242.0,Strength,16.7,2.7,5,3,25.64
20,Male,65.9,1.84,181,132,50,1.3,944.0,Yoga,24.3,3.3,2,1,19.46
32,Female,64.7,1.57,170,167,72,1.65,1378.0,HIIT,15.7,2.7,4,3,26.25
12,Female,39.6,1.75,167,145,61,0.82,594.0,Yoga,25.2,2.1,3,1,12.93
48,Male,72.2,1.65,198,157,60,0.77,598.0,Cardio,28.7,3.5,2,1,26.52
52,Female,84.3,1.76,194,161,73,1.28,927.0,Strength,30.5,2.0,2,1,27.21
20,Female,66.5,1.63,197,132,57,1.87,1234.0,Cardio,18.0,2.7,5,3,25.03
29,Male,56.4,1.62,167,158,74,1.18,1025.0,Strength,29.3,2.5,3,2,21.49
28,Female,63.0,1.62,196,147,55,0.68,500.0,Strength,31.7,1.9,2,1,24.01
22,Female,76.5,1.67,186,138,71,1.03,711.0,Yoga,31.9,2.4,3,2,27.43
37,Female,60.3,1.74,187,143,51,1.5,965.0,HIIT,32.9,2.2,3,2,19.92
14,Male,35.8,1.62,199,138,68,0.91,691.0,HIIT,21.2,3.5,2,1,13.64
24,Female,71.1,1.62,193,168,69,1.59,1336.0,Cardio,16.8,2.7,5,3,27.09
42,Female,67.7,1.66,191,132,69,1.88,1117.0,Yoga,19.8,2.7,4,3,24.57
19,Female,75.3,1.71,174,132,73,1.07,706.0,HIIT,34.2,2.2,3,2,25.75
37,Female,81.2,1.77,176,147,63,1.65,1213.0,Strength,19.4,2.7,4,3,25.92
37,Male,103.0,1.82,192,121,50,1.49,992.0,Strength,24.5,2.8,4,2,31.10
49,Male,75.3,1.77,175,129,59,1.85,1181.0,Yoga,14.3,3.5,4,3,24.04
12,Female,36.0,1.74,188,141,65,1.03,726.0,Cardio,25.5,2.4,3,2,11.89
30,Female,52.3,1.57,168,132,53,1.33,878.0,Yoga,26.5,2.6,3,2,21.22
20,Male,85.1,1.97,192,128,60,1.03,725.0,Cardio,24.1,2.6,3,1,21.93
44,Male,64.3,1.78,188,152,65,1.58,1189.0,Yoga,12.4,3.5,5,3,20.29
29,Female,70.0,1.76,172,133,69,1.22,811.0,Strength,27.6,1.8,4,2,22.60
52,Male,63.2,1.68,180,167,50,0.77,637.0,Yoga,23.6,3.0,3,1,22.39
55,Female,66.1,1.52,180,139,65,0.76,475.0,HIIT,26.6,2.1,2,1,28.61
28,Male,62.9,1.78,164,134,68,1.29,951.0,HIIT,24.9,3.7,4,2,19.85
83,Male,35.8,1.76,169,151,70,1.09,815.0,Yoga,27.9,2.8,3,2,11.56
31,Male,60.2,1.66,165,152,71,1.32,1104.0,Cardio,26.6,2.1,4,2,21.85
22,Male,105.0,1.92,172,136,58,1.72,1287.0,Cardio,10.5,3.5,5,3,28.48
47,Female,54.7,1.55,160,143,58,0.73,470.0,Strength,29.9,2.7,2,1,22.77
18,Male,64.4,1.71,179,149,58,1.15,942.0,Strength,27.0,3.4,3,2,22.02
26,Male,66.1,1.76,167,132,66,0.68,494.0,Cardio,25.3,2.3,3,1,21.34
21,Female,68.3,1.52,169,166,61,1.83,1519.0,Yoga,17.0,2.7,5,3,29.56
41,Male,66.8,1.76,168,167,74,1.63,1497.0,Strength,13.1,3.5,5,3,21.57
24,Male,72.0,1.68,162,135,62,1.28,950.0,Cardio,29.7,3.5,3,2,25.51
19,Female,74.0,1.58,170,121,57,1.46,883.0,Cardio,25.9,1.9,3,2,29.64
30,Male,92.1,1.96,171,136,65,0.66,494.0,Yoga,23.9,2.6,2,1,23.97
60,Female,61.1,1.57,169,151,67,1.05,713.0,HIIT,29.1,2.6,3,2,24.79
18,Female,57.8,1.57,184,162,50,1.65,1336.0,Cardio,17.9,2.7,5,3,23.45
33,Female,69.2,1.75,184,127,50,1.38,876.0,Strength,26.5,2.1,4,2,22.60
18,Female,93.8,1.75,170,122,61,0.94,573.0,Yoga,26.8,1.7,2,1,30.63
53,Male,69.4,1.66,195,131,55,1.42,921.0,Yoga,22.9,2.6,3,2,25.19
25,Female,55.4,1.61,198,139,58,1.88,1307.0,Yoga,19.8,2.7,4,3,21.37
34,Male,71.8,1.71,185,135,72,0.96,713.0,HIIT,27.3,3.2,2,1,24.55
29,Male,99.5,2.0,173,133,54,0.75,549.0,HIIT,26.6,2.3,2,1,24.88
25,Male,117.8,2.0,198,135,65,1.32,980.0,Strength,28.2,3.0,4,2,29.45
34,Male,90.7,1.92,199,168,67,1.93,1783.0,Strength,10.6,3.5,4,3,24.60
43,Male,86.1,1.83,160,162,66,0.79,634.0,Yoga,28.6,3.2,2,1,25.71
52,Male,76.5,1.72,163,168,67,0.77,640.0,Strength,25.9,2.6,3,1,25.86
78,Male,36.6,1.85,189,152,50,1.19,895.0,Cardio,23.4,3.2,2,1,10.69
46,Male,62.5,1.77,171,149,68,0.72,531.0,HIIT,28.2,3.5,3,1,19.95
52,Male,122.3,1.83,194,131,71,1.05,681.0,Yoga,28.0,2.8,4,2,36.52
21,Male,96.2,1.68,172,134,57,1.24,914.0,Yoga,28.5,2.7,3,2,34.08
33,Female,55.1,1.71,190,137,52,1.26,863.0,Cardio,26.2,1.8,4,2,18.84
27,Female,76.7,1.67,197,147,74,1.13,831.0,Cardio,34.7,2.2,3,2,27.50
27,Female,45.0,1.5,182,142,54,1.15,816.0,Cardio,34.6,2.6,2,1,20.00
10,Male,39.0,1.62,163,133,72,1.56,1027.0,Cardio,11.8,3.5,4,3,14.86
28,Female,89.3,1.8,175,149,57,1.31,976.0,Yoga,25.7,1.9,4,2,27.56
52,Female,58.1,1.56,166,152,68,1.66,1135.0,HIIT,15.8,2.7,4,3,23.87
50,Female,49.7,1.58,181,164,67,1.02,753.0,HIIT,34.9,2.0,3,2,19.91
20,Male,67.4,1.64,188,134,67,0.94,693.0,Cardio,25.6,2.7,3,1,25.06
59,Male,121.5,1.99,170,126,70,1.13,705.0,Strength,23.6,3.0,3,2,30.68
39,Male,111.2,1.94,192,134,50,0.89,656.0,Yoga,22.9,2.4,3,1,29.55
15,Male,160.8,1.87,188,161,64,1.31,1044.0,HIIT,22.6,3.4,4,2,45.98
25,Female,49.4,1.68,198,165,67,0.95,784.0,Cardio,31.6,1.9,2,1,17.50
26,Female,72.0,1.67,171,157,74,0.61,479.0,Strength,29.2,2.3,3,1,25.82
60,Female,62.4,1.58,166,165,56,1.97,1463.0,Strength,19.8,2.7,4,3,25.00
53,Female,45.5,1.57,198,163,65,1.14,836.0,Cardio,31.8,2.1,3,1,18.46
32,Male,59.3,1.69,185,130,65,1.72,1230.0,Yoga,14.0,3.5,4,3,20.76
46,Male,99.2,1.9,199,148,64,0.76,557.0,HIIT,22.9,3.0,3,1,27.48
54,Male,78.9,1.62,168,150,55,1.3,965.0,Strength,20.8,2.3,4,2,30.06
40,Female,67.1,1.68,193,144,58,1.01,727.0,HIIT,29.9,2.4,3,2,23.77
52,Male,74.1,1.62,172,143,56,1.04,736.0,HIIT,23.1,2.3,4,2,28.24
13,Male,177.5,1.74,195,138,63,1.34,1017.0,Strength,22.0,2.2,2,1,58.63
35,Female,67.4,1.78,184,121,60,0.85,514.0,Cardio,34.5,2.2,2,1,21.27
30,Female,62.9,1.64,183,141,70,0.57,402.0,Strength,29.4,2.4,3,1,23.39
44,Male,71.7,1.63,176,139,65,1.18,812.0,Strength,21.7,2.1,2,1,26.99
21,Male,70.6,1.61,161,152,74,1.32,1104.0,Yoga,22.0,2.1,3,2,27.24
40,Male,79.0,1.77,172,127,55,1.77,1113.0,HIIT,11.4,3.5,4,3,25.22
60,Male,80.2,1.67,190,144,71,1.99,1418.0,Cardio,15.0,3.5,5,3,28.76
40,Male,73.0,1.87,188,165,65,1.38,1127.0,HIIT,22.7,3.4,3,2,20.88
29,Male,48.6,1.62,187,128,69,1.02,718.0,Strength,23.3,3.4,4,2,18.52
55,Female,64.5,1.67,186,153,65,1.05,723.0,Cardio,31.6,1.8,3,2,23.13
24,Female,77.7,1.65,174,142,61,1.2,852.0,Cardio,27.9,2.2,3,1,28.54
58,Female,60.3,1.53,190,124,66,1.91,1066.0,Cardio,16.1,2.7,5,3,25.76
60,Male,97.4,1.74,199,144,54,1.21,862.0,Cardio,21.6,2.8,3,2,32.17
28,Female,63.9,1.62,174,127,74,1.39,883.0,Yoga,28.1,2.3,4,2,24.35
77,Male,162.8,1.89,192,135,62,1.14,762.0,Cardio,21.1,3.5,2,1,45.58
56,Male,101.0,1.81,179,167,57,1.2,992.0,Strength,20.2,2.1,4,2,30.83
50,Female,80.7,1.77,171,164,73,1.03,760.0,Yoga,33.0,2.4,3,2,25.76
39,Male,112.8,1.87,196,134,54,1.96,1445.0,Strength,10.7,3.5,5,3,32.26
29,Male,89.2,1.98,168,120,61,1.24,818.0,Strength,27.8,2.8,3,2,22.75
14,Female,33.1,1.5,182,141,58,1.32,838.0,HIIT,33.0,2.2,3,1,14.71
43,Female,45.0,1.57,167,122,52,1.83,1005.0,Cardio,17.7,2.7,4,3,18.26
31,Female,85.7,1.69,191,157,52,0.81,636.0,Cardio,28.1,2.3,3,1,30.01
15,Male,34.2,1.61,173,133,50,1.16,764.0,Strength,21.5,3.6,4,2,13.19
18,Female,68.7,1.6,186,155,74,1.17,907.0,Cardio,32.4,1.6,3,1,26.84
31,Female,91.1,1.67,184,137,71,1.02,699.0,Yoga,31.0,1.5,4,2,32.67
59,Male,74.1,1.65,172,166,67,1.57,1290.0,HIIT,13.3,3.5,4,3,27.22
10,Female,154.5,1.75,180,160,73,1.39,1001.0,Cardio,25.1,1.7,2,1,50.45
57,Female,57.1,1.69,190,137,61,1.99,1227.0,Cardio,19.6,2.7,5,3,19.99
22,Female,49.5,1.62,196,122,58,0.58,354.0,Yoga,25.7,2.7,2,1,18.86
24,Male,100.6,1.91,164,129,58,1.87,1327.0,HIIT,11.8,3.5,5,3,27.58
20,Male,67.8,1.6,172,168,67,1.12,1035.0,Yoga,24.0,3.2,4,2,26.48
23,Male,91.2,1.74,187,158,67,1.57,1364.0,Strength,10.0,3.5,4,3,30.12
24,Male,57.9,1.61,184,166,56,1.38,1260.0,Strength,25.0,3.0,2,1,22.34
59,Female,103.6,1.76,194,120,53,1.72,929.0,Cardio,18.8,2.7,5,3,33.45
32,Male,80.0,1.83,198,146,62,1.1,883.0,HIIT,28.2,2.1,3,2,23.89
50,Male,66.6,1.63,166,146,66,0.75,542.0,Strength,28.8,3.5,2,1,25.07
